Age,Amount_invested_monthly,Annual_Income,Changed_Credit_Limit,Credit_History_Age,Credit_Utilization_Ratio,Delay_from_due_date,Interest_Rate,Monthly_Balance,Monthly_Inhand_Salary,Num_Bank_Accounts,Num_Credit_Card,Num_Credit_Inquiries,Num_of_Delayed_Payment,Num_of_Loan,Outstanding_Debt,Total_EMI_per_month,Month,Occupation,Credit_Mix,Payment_of_Min_Amount
30.0,179.8153689434756,12582.725557269168,2.964261140865787,24.76049872227702,39.83019275856447,38.0,23.0,312.9955507479377,2785.4273136493102,7.0,7.0,9.0,17.0,8.0,1697.884576740773,102.19481753047418,September,Journalist,Standard,Yes
48.0,108.81840838312543,10233.456955060443,12.007433151881134,25.07917294938113,33.83192320998161,4.0,9.0,590.5361309771436,337.8417197164525,8.0,5.0,3.0,4.0,1.0,125.31497165336779,4453.451044913844,September,Media_Manager,Bad,NM
25.0,96.79502020355855,15229.221704383268,11.549121468190545,13.150691931534197,33.51663552516018,23.0,15.0,141.49752412974362,1534.2378619649778,9.0,4.0,7.0,24.0,4.0,364.0660937959645,163.8632680720556,November,Architect,Good,No
33.0,117.4706532944066,59723.23949759552,5.725885072201166,19.48916250330234,29.636132002115236,15.0,5.0,724.8710005498702,5860.759345674838,5.0,8.0,9.0,4.0,5.0,510.3146192723311,2372.102484961574,November,Mechanic,Bad,NM
41.0,301.3069464148442,111254.11855250028,2.21584911103092,22.33797089326947,35.66353049235505,9.0,2.0,539.1174075751768,10539.829717730398,6.0,4.0,5.0,16.0,2.0,1447.3471566434466,304.03856238670505,November,Doctor,Good,No
47.0,24.60270876973154,23379.972616866282,5.35829435138092,21.650688114255786,33.60052255089768,12.0,18.0,293.12778947733636,1777.2005383069466,6.0,5.0,6.0,15.0,6.0,474.7694450962782,245.28120339452303,November,Media_Manager,Good,No
27.0,202.74323488383672,17546.257826529465,11.567301269439465,12.928334625666935,28.83820569065704,11.0,16.0,440.189192534629,2904.5407263679867,3.0,5.0,10.0,8.0,2.0,714.7572114553569,573.8979497653174,December,Mechanic,Good,No
28.0,181.17938032302953,13811.88163471112,13.152253602196659,15.421807821527409,27.90265767166337,38.0,24.0,64.67916474547118,1799.1766720642418,5.0,4.0,7.0,26.0,7.0,2262.783974561164,297.11667183876494,October,Scientist,Standard,Yes
54.0,177.59925201473249,17831.88938730002,4.859023908511109,25.763739822868843,29.728457681358737,7.0,12.0,242.348759074576,1814.9648060785573,5.0,3.0,6.0,3.0,1.0,181.7914610142729,136.51426311631027,November,Accountant,Bad,NM
32.0,265.0231507248376,300334.0050632818,7.2216524328514495,22.198570396240598,34.09069182327716,-1.0,13.0,672.2089986235569,13053.411733865136,2.0,5.0,5.0,9.0,2.0,95.9654177464827,229.03901313763566,October,Developer,Bad,No
48.0,53.03532507547246,12867.912626858993,10.725620629188409,23.406983528775015,32.104589113385735,5.0,7.0,530.4781820445693,851.4083808207312,7.0,6.0,5.0,14.0,6.0,142.1010621472317,882.4378576913638,December,Developer,Bad,No
42.0,474.73478545157457,27787.66113514308,18.544561054012984,9.790667477729414,28.531714077893724,13.0,9.0,168.02785932226496,1540.9556853213267,5.0,7.0,5.0,14.0,5.0,365.60349107184504,3112.479270056402,October,Engineer,Good,No
28.0,9.65863946612067,42172.89537796395,8.608781898702219,11.903383060165027,38.91905575377074,39.0,9.0,368.325296859421,2572.3115531296125,4.0,6.0,13.0,19.0,3.0,2385.959439807655,234.7065588359851,September,Writer,Standard,Yes
45.0,377.5916191707346,28088.11139279863,3.784353158009573,29.550213257728444,32.98888501726162,11.0,3.0,60.627040513870526,3358.316240591382,6.0,5.0,3.0,14.0,8.0,2.0428877337303426,2217.565135512436,October,Manager,Bad,NM
17.0,20.988740512957694,110097.90039449897,13.925662655550042,14.115528037682395,36.43187169271292,27.0,14.0,618.659517849166,4750.328583422629,9.0,10.0,7.0,13.0,5.0,2044.259380086356,306.4116553037826,September,Doctor,Standard,Yes
45.0,7.640284382865408,12550.550212058648,2.520979118374676,25.41427800200381,36.72550306652623,36.0,16.0,387.4331482041192,1290.7308061854087,6.0,3.0,6.0,15.0,1.0,1025.9169602468066,2941.0470875321707,October,Manager,Good,No
32.0,80.84695974924185,39136.91592437814,11.005047618595523,19.13248762071254,34.64082939201947,14.0,16.0,477.0132715090209,4615.244892401668,5.0,4.0,11.0,11.0,2.0,485.9929173453813,366.62819192378817,October,Lawyer,Good,No
35.0,143.92268435906823,92592.57895681595,9.22461569213986,15.729321611911473,33.390295797957826,20.0,25.0,652.018734746154,5768.432101285874,9.0,4.0,7.0,14.0,5.0,2190.263162972525,212.84934946252667,November,Architect,Standard,Yes
35.0,126.9013138479241,23279.897639788203,12.099708629167452,10.232520846526825,29.255567447646122,23.0,31.0,341.8255874700154,1117.7272388006518,8.0,8.0,16.0,20.0,6.0,1308.3853496657787,2724.3649392662396,December,Engineer,Standard,Yes
24.0,46.44099675773504,21409.3482795463,18.1810994364,10.633583876601051,40.880992615708934,27.0,20.0,251.55610518838236,2225.993376864628,7.0,6.0,8.0,25.0,5.0,1543.990139722748,34.08664807223947,September,Architect,Standard,Yes
21.0,91.99619065085301,19341.766129584485,10.83138339699153,17.068287532677857,35.9721309918793,18.0,14.0,217.75421113795935,1573.5709371458202,4.0,5.0,8.0,10.0,3.0,1421.0359659724613,97.23915518289657,December,Doctor,Good,No
25.0,159.74230152552673,79614.78076840426,10.2269729050536,14.124620590372956,29.44134391840354,38.0,16.0,599.1073928367388,3568.343819953097,6.0,4.0,12.0,11.0,3.0,2041.2309251963818,272.23130754215686,November,Lawyer,Standard,Yes
28.0,387.69885081485677,534877.001207236,4.774159298321187,15.280528623111422,38.599659734372835,25.0,16.0,541.9560558466054,12442.815924270593,0.0,10.0,10.0,17.0,2.0,1017.0580701371949,274.48565039314235,October,Mechanic,Standard,Yes
42.0,105.88486338847774,38404.662978328444,8.898207242029514,27.797017988582127,27.51114418275218,14.0,6.0,430.05529771986517,3524.0721630129196,10.0,7.0,2.0,16.0,3.0,151.13832962067448,2638.3584198011094,December,Accountant,Good,Yes
34.0,23.41873567882806,51739.000208247766,17.384694318840435,26.309790218401474,25.65213138248164,36.0,15.0,462.94127322234704,3483.645761839293,8.0,6.0,4.0,14.0,1.0,1717.9029368303559,433.5196171824935,November,Engineer,Standard,Yes
28.0,120.76066812241982,23929.494453869174,23.565826657337464,7.42717252465377,32.78163363916835,18.0,20.0,451.7212712571421,5472.597459946406,9.0,4.0,13.0,19.0,5.0,1691.9596937992442,151.6563968543914,September,Lawyer,Standard,Yes
28.0,115.90066278611806,10998.238545422148,15.825352375498763,10.694687644897442,28.842970526881256,34.0,18.0,155.48220141407512,1698.848390625334,6.0,7.0,15.0,12.0,4.0,2017.7835621296044,58.86467566232385,November,Accountant,Standard,Yes
40.0,129.21172450524563,13487.721745760882,10.517247815419047,8.603412600941454,25.52173277944908,6.0,6.0,367.09606580363936,563.4543263402941,7.0,6.0,8.0,10.0,3.0,1535.0704859916211,689.843193470659,October,Manager,Bad,No
41.0,12.90361103407067,14049.879186603936,14.811083806080553,14.68057135620802,28.15036424727557,12.0,12.0,290.9769153746623,1900.788653717843,1.0,4.0,40.0,8.0,1.0,505.4751279603682,1408.8203308309048,December,Writer,Bad,NM
23.0,223.7745748006855,12201.223693177515,35.92957564378392,12.614326859042762,35.57321436098794,14.0,22.0,156.98949302532728,1973.911182068149,7.0,7.0,11.0,22.0,1.0,2844.58432065653,138.03969166103087,October,Entrepreneur,Standard,Yes
35.0,363.1102396299092,214556.3258930563,0.20929969892544875,13.009045754004717,34.01810205062999,13.0,5.0,553.5154261418444,14065.994218502832,7.0,5.0,3.0,18.0,2.0,857.5066009564986,240.98639201711944,November,Mechanic,Bad,No
26.0,230.37321352985,114758.16061722394,5.848218937124816,23.832114927358248,35.479632746454534,13.0,6.0,871.1708442579778,6520.70951807332,4.0,4.0,6.0,15.0,2.0,397.1505609593756,334.5785403586015,September,Mechanic,Good,No
46.0,165.5126087718827,39282.76673898191,24.844227838459044,11.632016567914377,39.058664593337504,31.0,18.0,332.4010152903088,5617.388622904527,9.0,6.0,15.0,12.0,5.0,2640.769704914567,432.85614428363715,September,Scientist,Standard,Yes
28.0,131.8960842229778,41809.525384006825,9.134248083897205,18.470995421391933,31.433343950935978,5.0,9.0,348.4222199910413,3829.831631839138,4.0,3.0,7.0,5.0,3.0,647.9147243393504,19.03911059342876,November,Journalist,Bad,NM
36.0,72.17347469439241,37441.58605077701,22.09048055277084,13.722776518719229,38.87451433242795,21.0,23.0,667.0040823110879,3365.4772588480355,6.0,5.0,9.0,14.0,4.0,2263.3354333232382,201.63060391539653,September,Accountant,Standard,Yes
54.0,110.8132700031978,9970.420948430452,6.625164743221909,16.39039614824719,25.28052725757732,18.0,17.0,253.26094157260954,2774.2476937168576,7.0,5.0,1.0,7.0,0.0,341.8041574920372,2975.2303664597857,September,Scientist,Bad,No
30.0,50.600846798564284,9138.108967248532,5.85444538130702,25.03330915829298,22.777681459624276,16.0,10.0,344.6513244341438,419.9213442821872,3.0,4.0,7.0,11.0,1.0,402.2110739641206,54.25921380992418,October,Teacher,Bad,No
55.0,596.9759256447501,197643.62104021152,4.506413666043752,25.2175591386777,39.04526641328032,12.0,5.0,482.69625164727574,6181.69116468546,8.0,8.0,7.0,9.0,2.0,94.36640771786337,240.63576541493245,October,Teacher,Good,Yes
22.0,96.65885079950175,18935.44101784428,10.813511909070101,26.40690420890047,26.463233407369557,15.0,10.0,500.9839490361617,3015.145658860095,3.0,4.0,5.0,4.0,1.0,433.3055874517636,3358.733851486818,November,Mechanic,Bad,No
30.0,166.33405616506,46387.583853677344,8.73160718611512,14.973500422652307,39.92074340835519,11.0,13.0,468.4011789622177,2023.2029153821502,9.0,8.0,6.0,9.0,4.0,1419.0185209962742,35.50979439335259,December,Teacher,Standard,Yes
30.0,430.23251651681073,121617.31166183761,5.770662951413232,24.92812260890372,36.79930150096238,12.0,16.0,483.4238763899207,7686.555294767704,3.0,5.0,5.0,16.0,5.0,844.860286606145,297.2347348051808,September,Journalist,Standard,Yes
30.0,317.7109349401014,98095.05690821444,16.501598919262587,9.497220015024311,40.10572932927762,14.0,10.0,386.9857211265745,2613.901623736278,7.0,6.0,9.0,17.0,1.0,1474.4080447512642,111.60020069289315,November,Manager,Good,Yes
26.0,132.28701761001392,21135.248692433255,15.804342020331315,14.697588716405562,41.586648770286175,4.0,4.0,231.74924659702512,1502.9529094698835,6.0,3.0,14.0,11.0,4.0,2428.7219778424083,290.1286881728311,October,Developer,Bad,No
48.0,66.65308806851239,15781.47313785115,3.5051505845520836,13.952657212152246,29.037747974410586,23.0,16.0,331.76244303903377,2754.5796578034,6.0,5.0,7.0,10.0,2.0,1872.031327422649,168.40454374602743,September,Accountant,Good,No
43.0,142.46154725903023,84413.67194300733,3.5143393894164348,24.7317960440771,32.81455402969469,5.0,4.0,507.0537204894563,4763.145529075666,1.0,4.0,1.0,5.0,2.0,560.4761498010973,15.819114271720366,September,Writer,Bad,NM
49.0,275.4589789628024,81129.71322374076,3.8321694152957697,18.651539422009478,35.9000637069472,12.0,17.0,587.6497475047863,5601.944864476895,4.0,3.0,4.0,10.0,2.0,297.1513384640605,358.120524037609,September,Architect,Bad,No
28.0,271.2690256221365,57608.02952321923,8.366851119762199,22.03820075447169,30.488167239003356,48.0,27.0,177.37306061674937,3271.9592673568436,8.0,9.0,6.0,21.0,6.0,1848.443852144729,324.1292257481282,October,Mechanic,Standard,Yes
33.0,232.51792817798932,69836.78225393686,3.16512785325283,25.863553096179146,33.8449486317347,4.0,7.0,423.6055789548632,4491.0365420888875,3.0,4.0,20.0,15.0,0.0,325.9619365560672,1652.9000060513442,September,Writer,Bad,NM
36.0,199.26970652128531,16631.89992660791,6.24992282730436,22.42704101578363,33.752986102211764,9.0,17.0,311.47232360513965,3007.7475388341245,3.0,1.0,10.0,11.0,1.0,927.088670896201,3555.1027914183815,September,Entrepreneur,Bad,No
53.0,80.4590035684466,41448.229106954714,9.140408354870136,22.171833076734288,32.04794097248629,25.0,10.0,341.7364706529951,3205.8617915367113,6.0,7.0,10.0,3.0,5.0,4167.506779259016,375.303882373169,September,Accountant,Standard,Yes
32.0,62.56286637738145,26928.203092846517,20.034547197038957,4.116523394998694,43.638239727621155,16.0,24.0,161.00941018140094,9060.558841738763,6.0,7.0,12.0,18.0,6.0,2666.3852765870524,94.24625649984166,September,Entrepreneur,Standard,Yes
36.0,58.53529847198298,56831.6855431721,9.572937481312504,18.094837244195276,36.494055546070804,35.0,16.0,527.1424776708548,4819.834780782894,8.0,7.0,9.0,17.0,5.0,2141.077156526688,201.7312610641909,September,Scientist,Standard,Yes
43.0,41.57149726311282,10563.917412185998,11.767779845277914,26.153449499151805,31.32523188485438,27.0,13.0,176.89806165089155,467.3572070956045,7.0,7.0,4.0,9.0,5.0,1561.2224749444035,114.92789664490378,September,Lawyer,Good,Yes
35.0,147.6343010120219,18321.20206410532,15.238854931316318,32.810108083546766,23.051176101292835,15.0,17.0,291.8774704417277,2509.953779928321,7.0,3.0,8.0,11.0,3.0,832.6295670533121,21.886029104430364,December,Developer,Standard,Yes
48.0,476.51161110390615,55235.90563679886,10.362324836813624,20.37326704589117,29.884033779868254,18.0,17.0,356.22466585698896,8902.82761246954,4.0,2.0,8.0,14.0,1.0,700.2794839391265,175.38993006158836,October,Mechanic,Good,Yes
32.0,140.7592624188204,73232.23754896494,2.305720013345123,12.45180867979201,35.3506267952255,1.0,6.0,370.1440594954395,4424.522411298605,4.0,6.0,6.0,3.0,4.0,1813.4383213537014,277.2760566848058,September,Mechanic,Bad,NM
27.0,223.1070816487556,45497.2907704114,13.942573879445785,12.784344584234873,32.81235855451516,50.0,20.0,122.1267256321035,2823.0277345275927,10.0,5.0,21.0,22.0,8.0,3836.3733438346544,249.90944003956912,November,Lawyer,Standard,Yes
15.0,148.28853450440172,28386.771046456008,4.893514938507501,29.510687761063423,35.68258019806255,15.0,9.0,444.3325482332491,2213.777608913936,2.0,6.0,11.0,14.0,1.0,862.6602497621974,1044.4611509186286,September,Musician,Bad,NM
43.0,118.05125483795297,10557.843410352656,2.2933338231085223,23.156848242891044,27.85165194613208,13.0,25.0,232.01074033059317,2020.4534043795386,7.0,5.0,7.0,16.0,1.0,964.1572520276872,595.4042089252149,October,Architect,Good,No
15.0,54.75382488093805,18945.393224906522,8.318662232170762,21.3250701688537,21.040027953224183,16.0,21.0,238.0727199483945,730.6830429333659,8.0,4.0,12.0,20.0,8.0,1685.933798371314,2952.700369053864,December,Journalist,Standard,Yes
42.0,74.31572501572097,15319.008281807684,21.723092551610304,23.704080871329552,26.407267862640147,14.0,11.0,142.62141628276694,1212.600056118755,4.0,7.0,7.0,13.0,5.0,2057.8738163610687,1004.0473275706609,September,Architect,Standard,Yes
32.0,9.159028938760816,46908.23681537543,23.707614733915403,18.811956324594007,47.17113334163504,29.0,12.0,772.5612857592325,4351.218094434824,4.0,7.0,9.0,14.0,1.0,1073.0232135532713,16.693932900892193,November,Teacher,Standard,Yes
40.0,128.36273488556967,60409.51386358678,9.544869984082055,20.743882811703656,29.637261215154176,33.0,15.0,327.0990388678084,1855.8064005872375,9.0,4.0,7.0,20.0,4.0,1838.480942291439,100.44974683002992,September,Musician,Standard,Yes
21.0,92.24375308509542,38840.66510585267,1.2095861202756026,16.81700454451112,37.385547841808574,38.0,28.0,328.6793787710984,3094.7329163159857,4.0,4.0,9.0,26.0,5.0,2785.091691085816,304.10266826421224,October,Accountant,Standard,Yes
37.0,200.08226468616758,35747.50389874396,11.285345185914661,19.94519790462101,31.003549330053836,13.0,5.0,394.4089495777446,4947.596396211209,2.0,7.0,9.0,8.0,1.0,465.2183293124826,2682.9094673752443,December,Manager,Bad,No
41.0,243.08040158991224,169990.67513415474,9.799667278593436,25.607287859326163,42.301073028213764,26.0,1.0,583.6812474517926,8107.193349928929,4.0,5.0,6.0,15.0,2.0,545.9302681884008,187.4891394589603,November,Musician,Good,Yes
30.0,82.24524756166197,35863.525973236705,17.99065110453395,21.383628017657067,26.05060631508559,21.0,20.0,272.2894559509207,4207.362977237181,8.0,8.0,13.0,14.0,4.0,1445.236210049767,23.856624279033156,December,Manager,Standard,Yes
25.0,87.09769210916,9697.566307040215,10.171542077617612,13.402705860045273,26.724736942880327,37.0,8.0,234.54527394109257,1924.3341838718686,5.0,7.0,7.0,15.0,2.0,1029.2777484160995,2870.8641648237963,November,Teacher,Good,No
33.0,13.295842730246859,15110.541942100292,10.805582236028371,33.72505712002919,41.0119005203886,22.0,3.0,369.2012608059098,1634.955901136257,6.0,2.0,9.0,17.0,9.0,221.9146919272144,1388.4840538483318,November,Lawyer,Bad,No
29.0,267.4192271759315,37314.15047099835,17.838296450520968,19.7718853206801,32.259470816982095,11.0,13.0,337.7492472911588,5943.44363015647,5.0,5.0,6.0,15.0,3.0,1403.6599577185323,230.27891727621807,November,Developer,Standard,Yes
30.0,375.716889838589,327648.6328742269,12.48510171508767,23.673803636728678,32.532738504263,7.0,6.0,895.7209503268787,13189.109070998447,3.0,4.0,7.0,8.0,5.0,41.71316476828125,238.14632884534285,December,Writer,Bad,No
21.0,75.85976986357298,35398.78107975231,18.466304107969176,13.775411307701347,27.938673912761427,16.0,20.0,392.5409220124085,1761.1723131212484,3.0,10.0,9.0,14.0,4.0,3873.4814445415445,85.3188303403804,December,Engineer,Standard,Yes
31.0,212.70747848797518,90967.71279800359,4.3030461659361805,5.93176042287655,27.519769267903904,21.0,15.0,348.45982875926336,7157.541712965434,7.0,9.0,13.0,16.0,4.0,1061.3088390005582,128.0728406847702,October,Mechanic,Standard,Yes
45.0,159.44354247497003,15769.103551534274,21.833133539239437,17.87887636310785,34.670043717603654,19.0,16.0,232.50823482254233,2346.225441688021,6.0,4.0,6.0,18.0,2.0,536.3809021644025,240.1435304116464,December,Journalist,Standard,Yes
33.0,218.02197054209665,10484.038203896975,7.937511598577117,11.31734889449956,40.416812273616664,38.0,24.0,100.31711899399932,766.5990988477649,8.0,6.0,12.0,18.0,7.0,2712.0490548501252,77.24558004205292,September,Accountant,Standard,Yes
24.0,101.04964981491972,20309.136327775024,18.859536222809705,23.987253951935145,29.791808338481918,59.0,18.0,171.23330028935501,3100.354457184713,9.0,6.0,9.0,20.0,4.0,643.0717920235338,123.31062584486529,December,Mechanic,Standard,Yes
34.0,266.94445405583707,21403.718667920737,6.935657016779893,25.870092106336017,29.18155777925927,15.0,9.0,263.1465674816536,1843.541843591908,5.0,7.0,8.0,23.0,1.0,1779.422495652627,2323.7927384679897,October,Scientist,Standard,Yes
21.0,57.83132214031724,13135.313819910207,11.300059486079181,10.369964610494662,33.88660942146025,44.0,30.0,196.55803213461954,548.5403992618737,11.0,8.0,18.0,22.0,6.0,4494.686235913308,10.151502793207797,December,Developer,Standard,Yes
37.0,4.782396658688355,32435.547872150782,8.873999058591117,8.409215287324969,35.27390270936294,45.0,18.0,278.7332338636369,2313.032426022568,9.0,8.0,16.0,12.0,5.0,3898.2362813800983,145.5096090762907,September,Media_Manager,Standard,Yes
31.0,96.33403305052545,14780.424463062525,10.327770182412987,26.466355527859946,31.067860873477706,6.0,14.0,390.94562785607013,1650.566690092121,6.0,4.0,9.0,14.0,4.0,806.9494132671159,271.2225234122307,October,Journalist,Good,No
29.0,348.82886514752954,95296.20878813611,8.8951516767603,19.870298444809123,35.29140888092273,20.0,17.0,233.7171364129803,5907.884865072867,6.0,4.0,6.0,11.0,6.0,2500.716258228558,424.72224062621893,November,Engineer,Standard,Yes
49.0,286.9311867618491,39224.65270778868,3.317509608496831,15.967307235178964,35.96668191384162,4.0,13.0,290.8980393281754,5080.30461213243,5.0,8.0,11.0,18.0,1.0,1021.5683387260356,3237.775298014452,September,Developer,Good,Yes
42.0,544.4731282102562,130927.78729193538,9.646440481954123,9.903465643339814,35.80335876400837,36.0,10.0,469.1900145187152,10139.835152001358,6.0,6.0,15.0,18.0,5.0,2777.432432517308,323.2461107796023,September,Entrepreneur,Standard,Yes
31.0,26.74338996520708,7246.722017839576,7.040138335923164,33.766734102411874,30.949683136350565,52.0,14.0,523.8960811444169,1025.4794637777754,8.0,3.0,8.0,21.0,3.0,1264.4312217049937,1809.287623297063,December,Manager,Standard,Yes
28.0,356.2173514539593,93393.0658110871,11.452383186056313,20.706431252909226,29.216522881437168,6.0,16.0,415.3321116867753,4700.288471495904,5.0,5.0,5.0,10.0,1.0,717.3276015827751,93.57587331329798,September,Writer,Good,No
35.0,18.40506275036388,10158.970905580536,9.573823682265992,18.576007347023392,31.61705270266273,11.0,4.0,304.2853320380541,1504.6220853195002,6.0,6.0,33.0,13.0,4.0,385.9340583890712,45.2751180016775,November,Developer,Bad,No
26.0,26.429334768505758,13303.577491792532,12.705994287771688,7.362852480522861,36.58113851803716,39.0,27.0,447.19846616533516,746.0951534860756,9.0,8.0,14.0,17.0,5.0,2431.0142869833276,38.072454692926655,October,Architect,Standard,Yes
40.0,133.01568751368367,16090.363189781809,3.267063396580948,13.814409727226973,40.32225020592794,17.0,10.0,312.435496436284,2616.4517798172496,9.0,7.0,5.0,11.0,1.0,1497.1738853494323,1114.7549140154508,December,Developer,Good,No
37.0,344.9424388905111,32494.12468623232,10.631522879325985,9.756095558109678,31.65734228482943,16.0,10.0,329.45941228376444,4588.337613792137,3.0,9.0,11.0,16.0,4.0,3277.142236334108,173.90751378349734,November,Lawyer,Standard,Yes
25.0,116.92029055995182,28331.708007208206,10.552178443198912,11.948751748896711,33.774073062322536,56.0,12.0,441.83250348696515,3984.750028016428,5.0,6.0,10.0,16.0,8.0,3194.3175378138635,158.88692431749735,November,Mechanic,Standard,Yes
42.0,294.3649199982274,68963.61645009983,7.057590257308686,18.442878533261307,32.58237794030266,18.0,22.0,374.1463474804186,3524.7647222513137,6.0,6.0,7.0,14.0,1.0,1750.0220099460776,165.41284044587985,October,Mechanic,Standard,Yes
27.0,37.694526008645084,13223.347189651562,1.9512700548829116,13.113359323564339,26.90921622859276,37.0,13.0,316.1958284107993,1219.8130462414792,7.0,6.0,6.0,19.0,5.0,4080.683826333677,152.04609248689442,October,Writer,Standard,Yes
31.0,13.213448808875059,31868.875522554055,16.90837048461299,12.140512161237268,31.752817181718164,11.0,11.0,502.6762794368192,2707.217813527232,10.0,6.0,6.0,18.0,8.0,1532.0894261623841,191.3856427096136,November,Doctor,Standard,Yes
34.0,188.42930803434453,37961.64776956137,1.28227670465564,20.506244274604228,29.86302837791105,29.0,15.0,239.93790433814976,4899.04438154601,8.0,6.0,6.0,21.0,8.0,1505.5310657249636,299.23518466731423,September,Teacher,Standard,Yes
46.0,11.282352688553097,17744.667545748438,10.830717482399969,15.766503437967629,33.57018593537862,6.0,17.0,300.0159188876527,2123.3909472987993,3.0,2.0,8.0,11.0,3.0,1456.46701846812,318.27731543149497,October,Media_Manager,Bad,No
50.0,62.21373045189118,68572.67985334912,2.6418430667119424,28.019894895165635,31.16278471115808,22.0,13.0,367.80261975908763,4467.430427761675,5.0,8.0,7.0,10.0,1.0,423.748095884321,4407.689525087098,September,Developer,Good,Yes
26.0,34.80531273405518,18341.987999185912,9.343926417333673,23.521057756319692,34.548948067659154,44.0,13.0,375.02581609738047,3946.310361539686,1.0,4.0,5.0,12.0,2.0,963.5641721163672,309.994172544175,October,Teacher,Good,No
29.0,328.5685811833066,87268.58227616543,18.081716367092124,11.200544097394072,27.837237131749475,19.0,32.0,279.7270236679309,7952.31806614916,9.0,5.0,11.0,16.0,4.0,1782.3080898064277,286.20598166723215,November,Media_Manager,Standard,Yes
32.0,319.5548660158287,257625.61379869265,13.278120342710576,21.352535808611947,29.761180583079057,14.0,14.0,809.4236571934805,5741.819102720852,3.0,7.0,6.0,15.0,3.0,493.0838928837626,286.7274992880006,December,Developer,Standard,Yes
46.0,176.4394643359711,72256.77408275602,12.783000469133356,20.49371266706345,34.18547271684244,13.0,12.0,220.21946316514575,2432.4213330875996,6.0,5.0,4.0,9.0,2.0,82.6339978563136,243.06196804972112,December,Accountant,Good,No
41.0,313.4240052678264,91879.38614587538,13.191416449125178,15.318638891712794,34.15960079001978,34.0,12.0,372.4781101166608,8873.773983375964,8.0,6.0,8.0,20.0,2.0,2137.9891268588613,149.5498704949348,December,Musician,Standard,Yes
51.0,20.773460429517215,50503.84731709528,9.703419377969126,32.592395668272104,31.609256417865282,12.0,12.0,662.5446255281553,5713.372243959887,8.0,4.0,5.0,9.0,2.0,531.941414348865,212.86494528329587,December,Developer,Good,Yes
29.0,84.10949613664252,259232.28749804178,26.533211747190382,18.324236654830145,33.436554828702775,11.0,9.0,484.66823019688,5444.742203070918,10.0,3.0,8.0,21.0,3.0,246.28012014235,135.68505535238168,December,Developer,Standard,Yes
15.0,90.66927329882468,13473.961720584282,9.86820960386154,8.30365833595647,32.36962550952098,38.0,13.0,270.2067823077148,1577.3195010521465,9.0,8.0,11.0,20.0,4.0,4271.742600380201,287.87784824809233,September,Lawyer,Standard,Yes
42.0,426.0780948254227,20534.87799855668,2.3700268645714324,15.595434878649144,29.183718785198717,35.0,12.0,217.31410339327348,2649.3693629839104,6.0,4.0,10.0,13.0,2.0,1816.467876172214,115.91427570864559,September,Developer,Standard,Yes
20.0,74.18551430330861,126545.89238104624,12.027321311982863,16.428208397445303,39.55221733946657,9.0,19.0,599.689380813705,5659.408850335419,4.0,6.0,9.0,9.0,4.0,2830.7745655913445,445.82209528281663,October,Doctor,Standard,Yes
45.0,186.9470896412316,17684.122990789376,3.2468168455854176,22.761101170675545,31.32661575337206,27.0,9.0,254.16046859206952,984.4073933347066,4.0,8.0,6.0,12.0,4.0,479.4520496958206,160.63976217116374,September,Writer,Good,No
26.0,73.91890522842576,153846.33044314626,23.677855789814696,2.5627015251685066,30.05224034679708,36.0,14.0,418.37155621021066,2995.42468507661,9.0,9.0,6.0,21.0,5.0,1479.5914215495068,322.5441046654213,November,Architect,Standard,Yes
54.0,94.29030442375753,33883.32699466214,13.688518270163865,32.0672046032368,32.128797044010994,16.0,2.0,539.675156257762,4788.449812509952,4.0,5.0,3.0,8.0,1.0,1428.9271087508885,427.0466964378715,October,Teacher,Good,No
33.0,413.1922486035482,55115.874270847766,1.7282629508875225,16.24369542182228,27.473060924215254,32.0,28.0,331.12199598757866,5135.720151863647,5.0,7.0,7.0,12.0,2.0,842.2116323986036,111.87778407909074,September,Teacher,Standard,Yes
28.0,4.654679948088967,8925.396658307995,22.032154232938897,9.865236654355385,28.860101918740884,60.0,14.0,295.3212505424051,1989.1916477604702,11.0,5.0,12.0,1.0,5.0,2016.3946354277143,117.90354959855998,October,Entrepreneur,Standard,Yes
42.0,109.4977610526472,15950.95849569354,0.8165149304021995,16.136549003330906,27.642679472132894,9.0,5.0,562.320515221587,1703.5224032752615,3.0,3.0,5.0,11.0,1.0,127.92838278402945,2163.463079261588,November,Musician,Bad,NM
32.0,180.06710332848843,20933.633570322025,18.53317781735056,9.68416136287226,31.058184282828783,27.0,17.0,300.90068520153727,1474.7490385209896,4.0,6.0,10.0,14.0,5.0,3242.291902378973,156.3242380567844,November,Lawyer,Standard,Yes
31.0,259.87659061033116,87584.37980370971,12.5503594503848,23.821094967762633,34.04603297184999,9.0,14.0,343.2127161972111,3529.3758890149124,2.0,2.0,4.0,19.0,2.0,451.80061738224657,367.81458028793963,November,Mechanic,Bad,No
30.0,331.6453785679316,426302.0074105644,11.511954869370292,13.332247927085575,34.572910580017734,20.0,7.0,566.9978973644841,14456.193465550621,4.0,6.0,5.0,6.0,4.0,1664.8548520704292,316.33011598353903,September,Journalist,Good,No
22.0,33.55937473686645,22124.023587159692,5.972783302119936,3.837224131418054,33.07483389824042,38.0,16.0,265.36289409844244,1897.372428678652,9.0,8.0,16.0,19.0,8.0,4707.622661745705,244.35321221236904,December,Journalist,Standard,Yes
31.0,186.46384411408187,55617.91258828188,5.849706381378887,27.634129143465174,34.530889676974596,9.0,4.0,500.32542256272563,4066.313198776593,2.0,6.0,3.0,17.0,1.0,298.4016757095838,2658.231097219478,September,Doctor,Bad,No
35.0,111.8860996579837,21881.356775821212,10.393861507721294,15.410518661901904,27.960527314526974,14.0,25.0,139.62390030381047,2849.0292656354136,9.0,8.0,12.0,4.0,6.0,1602.543093757146,37.81937672750064,September,Developer,Standard,Yes
29.0,53.50945887329088,16574.961255184935,6.459323231872634,32.07283831462473,27.491748005356406,5.0,5.0,365.07871944626686,1685.0757964164625,1.0,5.0,6.0,10.0,1.0,218.9345996988684,1857.2534330055298,October,Media_Manager,Bad,NM
36.0,233.07544530559935,173697.2530130389,0.2793381393904859,17.4870217602832,36.22397294504054,15.0,8.0,456.86659832568864,5263.35734154087,5.0,5.0,12.0,20.0,3.0,3608.2732440504474,414.95978077201323,December,Musician,Standard,Yes
32.0,312.1382575397467,47315.02243130597,11.637164375534645,12.824681042622444,27.809724320503264,19.0,18.0,206.9305552236829,3166.413996510506,4.0,9.0,8.0,16.0,3.0,956.9004059047962,50.53984285036931,October,Scientist,Standard,Yes
19.0,211.7258060113251,54187.54830417037,14.699417457463877,12.87200711377153,33.14812534167238,17.0,17.0,324.23967627065315,3754.5799643888176,2.0,5.0,7.0,13.0,8.0,1681.457461803945,443.7153988382581,November,Media_Manager,Good,Yes
36.0,205.1874005973723,193947.26025763704,6.719261364003806,20.348150531680346,28.851044330911648,14.0,14.0,335.77242785150884,7845.428538626836,8.0,8.0,7.0,20.0,1.0,1794.8550622531654,182.8143547162838,November,Doctor,Standard,Yes
21.0,37.06077989364945,45898.22056313301,6.501259212059779,27.64385076013076,44.694974000266015,27.0,15.0,475.21774567745535,3778.685397906429,7.0,6.0,10.0,17.0,4.0,774.6087615550528,259.74276918106335,December,Mechanic,Standard,Yes
35.0,153.538023914835,28352.603053168186,16.666284614593618,9.509890083497964,27.75329359180293,58.0,18.0,195.05771748656323,2578.4873317460124,9.0,8.0,17.0,24.0,9.0,4005.5534872694943,419.7452931369736,November,Entrepreneur,Standard,Yes
41.0,513.7347522814938,281997.98047333205,1.5743305972907748,31.06480048732237,35.53256029246917,7.0,10.0,1002.9665502549632,11965.620274439085,3.0,5.0,1.0,8.0,1.0,406.0838550841752,292.57754392500976,December,Architect,Good,No
38.0,170.1425023749509,12491.111730437298,27.024097949023183,13.954371690408891,24.084790416642193,52.0,22.0,162.03004755475058,1138.8717497160108,9.0,5.0,12.0,15.0,7.0,1268.6364171745506,11.24995731309751,September,Entrepreneur,Standard,Yes
37.0,186.17183227508707,84545.97601626746,29.66830756636902,10.759397614506952,29.734552071162593,38.0,8.0,589.9177954457432,9279.304754908451,4.0,5.0,4.0,17.0,2.0,1269.3641586206306,58.114562964162744,December,Doctor,Standard,Yes
50.0,384.9153855922379,37334.33672097077,7.901099375957763,17.5362117378736,29.988267541580047,38.0,12.0,235.9324138313652,4424.521560888451,5.0,5.0,6.0,14.0,4.0,816.3690906690146,76.87458014020291,October,Mechanic,Standard,Yes
37.0,149.04073618536898,78542.72184032238,8.999160549497258,14.513616777874176,36.926745790745365,21.0,4.0,680.4512457337394,11162.835735169425,5.0,3.0,3.0,15.0,1.0,184.7814234911736,2352.740340095297,October,Developer,Bad,No
26.0,168.89148146566504,18428.881434511128,4.482767561426055,18.610010897968777,27.595868586159884,9.0,6.0,205.19154100236742,1054.0043671513106,4.0,3.0,6.0,10.0,2.0,1766.5384179868638,1683.1634119195319,December,Developer,Bad,NM
36.0,296.4857200723664,49128.53842302484,9.718482727893857,20.23969432650449,31.517616463974583,22.0,10.0,386.5029317165064,2737.05165939004,6.0,6.0,12.0,15.0,4.0,1834.1510517137406,223.8397572647101,September,Scientist,Standard,Yes
44.0,39.23761173623054,65168.086347542805,8.050794594467447,23.00807335126484,31.921602463787483,13.0,4.0,479.60661010987087,4434.550695568725,5.0,5.0,3.0,16.0,6.0,764.5219129043055,215.31144060430438,October,Lawyer,Good,No
47.0,997.4070756960991,142211.99376327285,7.568767946275397,24.991822680843086,44.91877942987641,15.0,6.0,438.7743228739886,9326.967602606883,6.0,2.0,4.0,5.0,1.0,660.231645407057,73.79508056575445,November,Engineer,Bad,No
29.0,252.56704290997888,90542.73999237502,2.5178307920259115,24.211202598392106,31.08077024196845,1.0,22.0,323.03306182846904,5533.071457700489,4.0,1.0,3.0,12.0,3.0,1446.7927731886396,161.85550545175641,November,Developer,Good,No
40.0,0.2215828012207492,32528.408311489053,14.892886844657482,18.131341557409314,38.41439978750756,59.0,20.0,505.76393099123925,2779.947658220396,9.0,10.0,10.0,23.0,1.0,1684.028992567719,49.213898938676735,November,Writer,Standard,Yes
25.0,37.71941754311692,89267.59914811558,8.45814576203599,23.58833029250667,31.599659942680063,27.0,26.0,536.687567694654,5909.00517117947,6.0,9.0,12.0,22.0,7.0,1289.3608369448623,443.15964785380555,November,Developer,Standard,Yes
20.0,76.56212838207294,24348.06263081994,2.884988691853046,13.822995801818195,29.60291857559069,27.0,13.0,364.9727151377655,904.7637922300336,6.0,4.0,9.0,10.0,2.0,2264.9424301927174,73.03967714402708,December,Lawyer,Good,No
21.0,366.60195837273335,25300.32748134248,9.173272798360003,3.6690787371874194,30.76093764537938,52.0,24.0,214.5392972990647,3692.392927897805,9.0,7.0,12.0,11.0,5.0,1655.3795773055385,475.50970867610937,November,Manager,Standard,Yes
42.0,80.29979661115564,40543.898341349,7.860349907838895,32.35583043481387,33.86223910780157,4.0,7.0,619.5109731577917,4817.501045549381,4.0,3.0,3.0,7.0,0.0,390.52879255780397,13.218129681562687,September,Lawyer,Bad,NM
17.0,59.0776820929875,27500.85006975276,4.921329958120385,14.234835217045827,42.36293405725569,32.0,9.0,543.898400047841,3372.40122078684,6.0,6.0,7.0,20.0,2.0,639.658643406514,4232.913330683502,September,Manager,Good,No
45.0,319.36977854499435,250137.26705056228,4.775365311316914,3.494734335924323,38.27463491830464,10.0,9.0,465.7860325997067,8773.42815958105,0.0,4.0,2.0,14.0,3.0,621.6317392471507,486.4816458645536,December,Manager,Good,No
30.0,6.624402972921569,8065.34881904071,17.813856882056538,12.442682506888445,38.39413612482899,15.0,9.0,223.29429303400306,1199.277037838043,9.0,6.0,8.0,22.0,3.0,3526.9679406296423,3695.4065476321252,September,Scientist,Standard,Yes
38.0,116.42874718530382,134177.31074830802,8.257898079019256,15.633450590374537,38.11168224465574,8.0,7.0,641.8637835468363,6501.15552716052,2.0,4.0,3.0,3.0,4.0,625.8148938901747,251.4974386776982,September,Musician,Bad,NM
32.0,99.53802926416635,27884.833799899327,10.3874802316709,12.661996691055663,37.709061189615014,15.0,18.0,259.5416360994933,2919.0440834078627,4.0,6.0,10.0,13.0,4.0,568.0120407995968,161.89539538581167,November,Doctor,Good,No
27.0,88.52227501762518,47328.997991775694,1.1299010784100254,18.34318575990335,29.766492950055063,39.0,7.0,293.7197764624767,2208.244165740241,3.0,6.0,4.0,16.0,2.0,1538.259436869147,775.7159322500054,October,Accountant,Good,No
49.0,121.65145224903964,22233.909793839393,7.000730692639454,12.47611931988786,32.18633957780814,17.0,8.0,433.71181834914967,2690.7248992870914,1.0,4.0,6.0,13.0,6.0,627.5924984880321,3630.916714663597,December,Teacher,Bad,No
19.0,202.6413116268262,95927.1531970742,11.475854039355653,28.92851654508695,29.72879572359372,17.0,13.0,368.5024852235275,4395.586001476332,8.0,2.0,10.0,18.0,2.0,1577.3086324710496,3969.2715369083994,October,Engineer,Standard,Yes
30.0,269.06962818187696,41593.01155387753,10.45031015580236,19.6291815630301,40.49903469813874,16.0,8.0,277.9845568278173,2373.9885430678637,1.0,6.0,12.0,8.0,6.0,415.48686642328363,601.1342685791795,September,Writer,Good,No
48.0,158.23220249764663,40653.6916299678,31.442430832525343,11.904392097215919,34.36406943981075,18.0,31.0,438.8693136246944,2602.431793578084,8.0,7.0,9.0,20.0,2.0,2265.8392859526593,131.80388080508504,November,Scientist,Standard,Yes
42.0,49.0186567315005,10001.151506957012,15.269390349941489,16.36742707747851,32.998684507635474,15.0,4.0,313.8568163142588,2090.280031115215,1.0,4.0,6.0,10.0,2.0,564.7004599458177,1276.3230977507349,November,Teacher,Bad,No
45.0,106.27752127387123,9050.077712011489,1.9566661234979392,27.639061906509255,28.75460574116779,3.0,5.0,358.75049015011916,3349.992833429948,6.0,3.0,7.0,3.0,1.0,807.5771175151338,20.96332791482628,November,Media_Manager,Bad,NM
18.0,463.932626448914,110348.41242171955,9.358865594394885,24.43199405975713,33.04875453159428,20.0,3.0,270.5761506940247,3576.657549998056,6.0,4.0,6.0,12.0,7.0,2530.8822445855462,334.24790079099995,November,Entrepreneur,Good,No
17.0,209.8418692327647,22708.802106354335,13.95274616188977,20.457756053412822,32.72911030798602,27.0,26.0,254.1549077119627,2941.69859147096,10.0,9.0,13.0,15.0,3.0,4319.527112105866,67.56791722523027,October,Developer,Standard,Yes
31.0,245.96357362557848,11386.4154862162,13.752224168967619,6.886942657262352,29.354480904397448,26.0,24.0,191.8280952095698,776.7600008846788,8.0,8.0,14.0,15.0,6.0,1767.2504662148287,311.87066514352983,December,Entrepreneur,Standard,Yes
31.0,379.8420415295913,265738.8494124251,9.692012651259468,28.662079974132382,34.59822123438491,2.0,4.0,954.1299198903126,14194.811975257731,4.0,3.0,1.0,7.0,3.0,189.31422284767729,268.9026496714657,December,Accountant,Bad,No
33.0,81.86465159236278,18671.897268050794,3.5070827051719675,33.782507890020895,37.661941035566784,7.0,3.0,418.443289004063,1265.2940477134127,5.0,7.0,19.0,3.0,1.0,412.48089304084135,4296.542241003658,November,Scientist,Bad,NM
18.0,150.5425681543122,91648.22513094601,18.407224118113998,13.71862111554384,33.58707086985577,2.0,3.0,1131.074463166659,10029.105148000666,2.0,5.0,2.0,13.0,3.0,938.3274020464518,108.91033039373005,November,Lawyer,Bad,No
50.0,18.30527129433038,24004.642427001138,28.354848552883066,5.963185408984941,32.417003955597025,28.0,9.0,280.897891094088,3313.5270401944913,8.0,7.0,10.0,20.0,2.0,1837.126207020543,216.990021392857,October,Engineer,Standard,Yes
21.0,273.7472292936407,28623.40825648324,9.470110026591563,13.28697343419151,27.426913114799977,3.0,8.0,245.52714908887302,4992.115374621993,5.0,6.0,9.0,12.0,4.0,2332.652662746216,29.07325822202722,November,Developer,Good,No
24.0,550.4674874490212,134524.0458449292,4.655418414148873,21.606237262185743,31.78165068577041,38.0,9.0,368.92369067581444,10649.880174570482,4.0,6.0,8.0,6.0,5.0,1599.8510590089797,210.7164562463496,September,Entrepreneur,Standard,Yes
31.0,1.6907012960533279,11822.92481670282,24.33296241145217,6.20140138716863,33.91841539234383,63.0,26.0,302.47683542813047,2311.496308217685,9.0,5.0,10.0,16.0,6.0,2628.33655233526,1787.281218278668,September,Developer,Standard,Yes
26.0,42.24822376481739,13243.664692437382,7.168805526924491,19.56186653814285,32.32422566743794,24.0,19.0,256.2843351929779,841.1691036092491,9.0,7.0,7.0,17.0,4.0,921.678675875123,17.69578039266841,December,Journalist,Standard,Yes
31.0,167.15293006357405,67868.60989603911,0.08206946725142927,17.095596840669714,32.80247008869084,10.0,9.0,437.02463146092464,3826.0794550146816,2.0,4.0,41.0,2.0,1.0,786.8385787899234,54.489854620668055,September,Doctor,Bad,NM
39.0,327.5745567303177,151073.50404925214,8.599929933098437,5.701663618974651,34.14350768489736,5.0,5.0,669.7127821216478,5126.245978429402,2.0,2.0,3.0,7.0,1.0,224.05959303357633,257.808413923749,September,Writer,Bad,NM
38.0,244.58636836014293,184397.59206062573,10.380228101961464,12.164068892432113,28.552024186083134,0.0,16.0,539.2511058929504,5164.510314930151,5.0,4.0,1.0,16.0,2.0,1873.9838511370667,178.5266200054137,November,Journalist,Good,No
24.0,292.38310109219634,81056.22544699853,16.20269135154005,7.516441349568481,35.891017991863045,13.0,21.0,396.40000131329475,7470.215280673292,4.0,7.0,11.0,18.0,4.0,2429.340453658684,162.2196542009023,December,Scientist,Standard,Yes
25.0,68.52051386013152,23009.915089823335,18.72713518229038,21.268339406707753,30.640373378854843,12.0,15.0,345.0904473593025,1793.5074204048813,3.0,4.0,7.0,19.0,2.0,844.9408767396502,50.79557049969168,November,Entrepreneur,Good,No
25.0,139.7844941302898,239602.42028724833,1.5414036989963726,18.992062068395,34.74754532940291,15.0,6.0,705.3481501125054,8242.900641554617,6.0,6.0,7.0,14.0,2.0,464.22040003496676,152.58943413289725,October,Lawyer,Good,No
22.0,166.0978664693306,80545.40620965857,13.388084317066827,16.448843397662756,32.29620967132218,8.0,7.0,477.03242865672996,3676.4283773094808,5.0,6.0,5.0,9.0,5.0,721.9949524004755,419.4128417792752,November,Scientist,Good,No
19.0,110.33406134362627,31391.086491990853,15.840592108346396,11.257265505344435,28.36905863915873,19.0,18.0,256.8313042360876,2909.7222485474636,5.0,5.0,8.0,23.0,8.0,1397.4885085932196,183.82470514536658,September,Manager,Standard,Yes
41.0,230.0488945696907,24748.556679365778,4.275801136714765,17.450932798521535,37.1214037740724,34.0,13.0,150.48298420695775,2576.8271628315765,5.0,5.0,13.0,9.0,3.0,1506.848016426519,315.6754030422039,December,Architect,Good,No
50.0,106.08686077544475,27471.795069796233,9.083841778622805,32.767613381431374,27.90350309997448,3.0,26.0,416.26736637371084,3162.996817897887,4.0,3.0,2.0,0.0,0.0,279.2641007402103,3301.3203665836436,December,Mechanic,Bad,NM
49.0,20.86778731584172,12991.647189430249,0.6298967809376492,13.199652585673846,32.65562231466367,14.0,12.0,480.04686219320524,1067.0604903634767,6.0,5.0,8.0,15.0,3.0,371.9072701224547,17.717665891854892,September,Teacher,Good,No
30.0,81.90780476791443,24051.67559583163,10.454077697426847,21.354255642659155,39.36972047291471,21.0,11.0,196.52831750570695,1021.806085679587,5.0,5.0,4.0,2.0,4.0,877.137509679609,84.4171893991273,December,Writer,Bad,No
25.0,263.5017792655943,29922.61590227267,17.96255357874246,20.75051377651937,39.39429827017622,23.0,5.0,368.69538070680994,4527.070011167407,6.0,5.0,8.0,22.0,2.0,1145.7522151005714,53.83257721098238,October,Media_Manager,Standard,Yes
20.0,166.62547263164004,20589.826955217177,11.04063823845813,27.12546258583427,30.846971910420237,10.0,15.0,104.31040866697595,2853.1758141079786,7.0,8.0,10.0,13.0,3.0,3102.6618733359524,152.8589561456566,December,Writer,Standard,Yes
35.0,43.11450344893041,20919.89236242227,23.820329187396826,31.339680670113296,37.66342248661777,4.0,6.0,438.5193918329189,4085.8599451130285,1.0,4.0,2.0,9.0,7.0,212.598735536427,304.08090332673805,September,Lawyer,Bad,NM
24.0,52.09287779931949,12286.662361077833,15.613190130758088,18.554773808576442,38.77705835976331,40.0,23.0,283.4554916190324,980.9799688040974,8.0,7.0,10.0,12.0,2.0,4391.533454075816,836.9817817867394,October,Doctor,Standard,Yes
22.0,98.42301912470329,19358.419459976736,13.4082751013106,7.69378289564321,37.056052627952624,23.0,13.0,260.08500058704897,1119.6074186272247,9.0,6.0,13.0,19.0,6.0,2074.1887279805765,125.86962711628786,December,Doctor,Standard,Yes
44.0,31.652928667262316,19593.335458161422,-1.1656721269710903,5.070904265005671,34.77947526310395,5.0,9.0,486.5545301967802,2255.68327712966,4.0,1.0,0.0,18.0,1.0,279.11340981992106,9.658072101430486,December,Manager,Bad,NM
15.0,115.14078293286717,112235.52068417087,11.337028937609404,8.61758404434147,32.07998124147375,26.0,30.0,317.1141296557646,9986.89927553428,7.0,8.0,14.0,13.0,7.0,3740.6595377226317,406.30370734353255,November,Journalist,Standard,Yes
36.0,61.93721962212023,10603.205609773682,18.9145444843312,12.914474289693203,34.43576921433112,25.0,12.0,238.28395469432226,1587.858173975443,8.0,6.0,14.0,17.0,2.0,2473.0045773837046,875.0115302195479,November,Scientist,Standard,Yes
42.0,8.781206237474354,19601.338360862686,25.95275934053448,17.167723074181595,29.86225964932348,26.0,11.0,443.2540165196507,2112.7126346976984,3.0,5.0,3.0,15.0,3.0,953.709508566395,909.9548279998792,November,Doctor,Good,No
21.0,157.0936996202347,48492.23602668187,17.1086597762928,8.51753777388575,34.69115474969555,51.0,21.0,416.2411024221784,3657.251926921327,8.0,5.0,12.0,13.0,5.0,559.5296362466339,176.975044203496,November,Teacher,Standard,Yes
24.0,15.540911777895902,15836.332578560665,17.877284497289875,21.300893219581212,28.10866307642726,19.0,16.0,352.1582692993884,1730.932976678429,5.0,5.0,11.0,14.0,3.0,939.3071477173193,2632.176359889823,October,Doctor,Standard,Yes
32.0,132.35403893217492,28576.84285606853,18.9073078215136,12.184238837828048,26.9825318032426,16.0,5.0,169.22464812761845,3820.3084984739075,4.0,6.0,8.0,21.0,4.0,1791.8815979416208,357.9920472663232,October,Scientist,Standard,Yes
38.0,259.1744616336803,141956.23139239114,2.2244429263172663,15.85592442413855,28.803281348226108,8.0,6.0,664.3441139831324,7894.701113859952,1.0,4.0,9.0,10.0,2.0,148.29011423993032,277.5623247354172,September,Lawyer,Bad,No
35.0,210.6305641677147,62524.12115786628,3.29512434443226,23.06677462011288,34.80680535785585,25.0,8.0,325.01486484362863,4085.982221080607,2.0,3.0,14.0,6.0,4.0,300.43424208554666,286.0780634641807,October,Architect,Bad,NM
56.0,257.10248109347407,62323.52423833994,14.8227118699422,16.43243008699858,35.66119358557079,23.0,22.0,275.03394482244994,5107.468966757052,6.0,3.0,4.0,16.0,1.0,1060.4458480919448,160.97608946313545,October,Musician,Good,Yes
38.0,320.34193708320663,142814.7655488112,3.781674467526404,26.41042160637761,37.73671124589547,8.0,5.0,306.92285171986964,8755.856377479544,6.0,4.0,6.0,7.0,1.0,289.7781214052003,237.5495491576761,December,Entrepreneur,Bad,No
47.0,205.9246255784409,38227.69182892277,2.320311214433797,13.781793304201983,27.05048669442141,14.0,8.0,268.0467041951082,3262.2514832998295,3.0,5.0,7.0,24.0,1.0,614.4290814583061,221.36486727287917,December,Media_Manager,Good,No
24.0,277.2789857889232,123114.69672084658,4.429351519420138,12.580048778838147,39.47832318821041,22.0,18.0,448.9647244282171,5156.054967829477,7.0,8.0,8.0,18.0,4.0,1585.5748513596136,351.03912860553646,November,Accountant,Standard,Yes
43.0,413.6851751003593,45245.79898042731,0.8105891920073844,17.205420941307068,26.45806667168141,18.0,8.0,476.62923715260797,2051.733420991555,9.0,6.0,4.0,22.0,1.0,976.3755153882037,1703.947296687907,September,Manager,Standard,Yes
31.0,10.087251047328355,13771.500843379741,6.512711666172699,17.744067085817562,31.561365269515647,12.0,11.0,424.6235982513323,2530.929773095986,7.0,6.0,6.0,15.0,1.0,1784.8469650996285,3962.0400288952455,September,Accountant,Good,No
38.0,8.969574085465595,11022.581406242873,4.321884798664069,22.609578011790802,28.403205092886505,6.0,12.0,212.36130013367577,986.5764254547222,2.0,5.0,4.0,9.0,2.0,274.6275115115149,112.71685541362126,November,Architect,Bad,NM
39.0,334.08131839946856,132798.30631496786,5.258380172941891,18.455378405764577,28.545044752862776,33.0,5.0,422.2580322637666,10301.480368617224,3.0,1.0,6.0,8.0,6.0,340.2447468860406,634.9628609576413,November,Accountant,Good,No
30.0,81.55121077840607,11136.119847154081,15.386116845151452,21.04613718779524,36.13879737729555,18.0,19.0,270.7531391487762,1773.9422411908295,3.0,6.0,6.0,15.0,1.0,643.2459837145003,1762.2348106102013,December,Media_Manager,Good,No
39.0,137.17111481216207,47637.173046143136,23.602666148873976,9.210972344535207,41.84765705096532,42.0,18.0,348.3922238316636,5218.616490222757,9.0,8.0,10.0,24.0,3.0,1988.9494865511829,221.1208976215358,September,Musician,Standard,Yes
17.0,445.03784981376094,108531.51723377054,9.482833336809566,11.305764838577318,38.88556590988461,13.0,8.0,207.1110688394348,6089.45566994444,3.0,3.0,8.0,18.0,7.0,4334.46713937754,398.85228029538393,November,Writer,Good,Yes
33.0,105.03449295534469,103624.20444473783,16.355330688426218,15.754641907613745,33.26814438751892,6.0,7.0,742.7868953073221,4218.509032381902,2.0,4.0,6.0,6.0,1.0,584.6090103087679,188.71792213084564,October,Architect,Bad,No
28.0,315.5911627903395,48752.47809661918,5.27628941839253,6.405937198941103,30.144417519507368,15.0,18.0,107.44617861998276,4879.559448630881,6.0,8.0,10.0,24.0,5.0,1707.3658897733474,346.89411409444944,November,Musician,Good,No
39.0,143.48899481395148,23843.918219505515,8.729142855336331,27.12803824213006,29.42030340088117,32.0,15.0,399.81106361600007,2180.9148946195146,7.0,8.0,8.0,18.0,2.0,1063.840305722873,418.2280561742743,October,Writer,Standard,Yes
31.0,229.31408584500204,34289.370750932685,3.503168166578174,13.676357659925372,26.489845460747503,32.0,11.0,324.4822406078026,1695.2971174107508,0.0,4.0,5.0,10.0,1.0,625.6857682569687,75.64804864671564,November,Architect,Bad,No
43.0,182.0553782127303,28319.93124814808,3.4846119531465334,18.520331791441947,27.291334984531897,20.0,11.0,350.7633000017071,3309.4779246918224,5.0,5.0,6.0,5.0,3.0,831.9815496538972,204.47353806283235,September,Developer,Good,No
37.0,173.95680256246644,87207.88399111496,16.540423742195028,18.904634875760678,38.76168756702988,17.0,30.0,356.42516926292285,8301.904391513892,8.0,9.0,10.0,10.0,2.0,3136.709243988946,506.4429444092476,September,Mechanic,Standard,Yes
45.0,190.274885290024,9715.863117160012,11.604717682425683,18.793092270231057,28.584555146641364,26.0,19.0,126.11940803894555,1628.0743106822288,4.0,7.0,9.0,9.0,3.0,1284.7287624635403,1916.6505964287999,October,Journalist,Standard,Yes
29.0,21.84496212604776,10185.38047560825,14.202402065499417,10.268364229668009,35.487401550443366,18.0,21.0,366.07222916168155,1520.2783357115616,5.0,4.0,17.0,19.0,5.0,2212.6019978526424,46.33093907409875,December,Manager,Standard,Yes
19.0,657.4390682246618,219173.46016715816,26.209321323095107,18.168997422649966,30.62929082651622,-4.0,9.0,272.5519014773704,12462.706531850787,3.0,7.0,13.0,7.0,5.0,1369.0095748791732,249.01572898749276,September,Entrepreneur,Good,Yes
33.0,117.20271286292049,43476.295748152035,10.07133325562668,17.454422259320495,29.77324868425114,58.0,19.0,342.7734584803312,4901.525934415864,10.0,8.0,6.0,20.0,7.0,2256.0181415145703,411.2142898347928,September,Architect,Standard,Yes
40.0,108.81028586738576,34828.86775314786,13.79183317061958,26.815405118094304,37.72056986405655,24.0,10.0,347.3087412305962,2281.4069261542622,6.0,6.0,6.0,11.0,0.0,1205.484935404522,708.425032673002,November,Engineer,Standard,Yes
39.0,365.00694058114175,370673.39099260775,5.865273979739602,26.14303811981415,43.3392915938004,2.0,4.0,560.5108052756385,5668.077841802212,2.0,2.0,2.0,4.0,3.0,2128.3343548600715,449.4870950326912,December,Musician,Bad,No
33.0,24.700105045128026,16185.689758936525,14.635025741986471,13.452758702884523,33.76413656565481,21.0,24.0,175.01980553616326,1022.3275849891883,5.0,3.0,16.0,25.0,5.0,3546.605667277832,159.75021752243381,December,Architect,Standard,Yes
22.0,103.0130874498406,13187.59991939792,9.627975282086357,8.48088012572316,38.99106361111538,25.0,19.0,231.97933967679833,951.7698230959546,7.0,9.0,7.0,22.0,5.0,327.60011027281934,24.80759545137107,October,Writer,Standard,Yes
25.0,49.63321366752158,9656.164533872841,9.414643049119363,16.167745237474094,31.27801564874588,12.0,15.0,232.6454846517366,2536.169029520133,5.0,2.0,7.0,12.0,3.0,3677.1310969203687,3943.543360093481,October,Mechanic,Good,No
40.0,94.73466992879864,20931.734502053623,7.545077096723411,12.11328462323263,32.88999829556095,17.0,11.0,187.1653836822397,1742.4362073802663,8.0,8.0,16.0,10.0,5.0,2805.9882945113222,534.9159624281574,December,Lawyer,Standard,Yes
31.0,37.18728781625208,30998.836355223903,17.01881834249615,22.364493390555765,30.17069207490771,21.0,22.0,223.09873010510543,1705.6798975680056,5.0,7.0,9.0,1.0,2.0,492.7337292104774,1309.3041201593176,September,Architect,Good,Yes
44.0,443.88438566615963,65109.000259313834,8.380228319772826,28.304895204675802,36.5518971723514,10.0,21.0,308.75343079368724,5358.372766638646,1.0,4.0,37.0,8.0,0.0,709.5082025909365,151.7116165642276,October,Mechanic,Bad,NM
26.0,297.9326618481442,132021.22402465195,4.029029573640781,22.783836652802847,36.97382713030848,40.0,6.0,734.1015043280805,7020.293155103338,7.0,4.0,9.0,21.0,6.0,401.0483148750037,254.07190649637022,September,Scientist,Standard,Yes
15.0,848.9246590938855,131389.54687867485,8.452334054921902,24.54992366357999,38.781106816030146,15.0,22.0,496.0105520614559,10199.161626097159,1.0,6.0,10.0,17.0,2.0,2961.958933842842,212.23317022745618,November,Manager,Standard,Yes
32.0,48.59227088711866,11887.208719428214,17.64322634845986,25.787831582353075,38.10216908173205,42.0,16.0,215.83807058478587,829.5334904814061,7.0,10.0,9.0,17.0,4.0,711.7526665960038,33.46607338733878,December,Scientist,Standard,Yes
24.0,43.61929354234235,24458.818350891364,19.28904127417678,5.913079627109994,37.37647919498441,23.0,17.0,258.1243395867417,1521.9800144141198,9.0,7.0,8.0,16.0,3.0,2059.7910578200454,4072.3874614554557,October,Engineer,Standard,Yes
38.0,266.6958689890751,49762.97047387701,8.896138260392359,17.050011797168736,41.95179057559543,7.0,5.0,605.185051764099,6439.807774913183,3.0,5.0,7.0,13.0,1.0,208.12077068520836,135.35396909534268,December,Scientist,Bad,No
26.0,71.61079405778109,16719.26603539657,11.413505731753311,1.9963066371912532,29.738285473457548,50.0,25.0,195.97279313738923,601.9522019233508,9.0,6.0,12.0,18.0,2.0,4448.268949991651,208.1405746532726,October,Writer,Standard,Yes
29.0,36.3404516003009,51364.648795388115,9.577072562982579,21.733572796994395,31.604160213073005,20.0,12.0,898.9238847073849,4336.328030458449,4.0,8.0,11.0,12.0,2.0,373.1002387722514,52.01958021175018,October,Media_Manager,Standard,Yes
35.0,316.49563114820734,19551.103980620206,6.387772971353932,28.664166338081372,29.01317096865985,8.0,14.0,396.1252707880775,3043.897179912239,0.0,4.0,2.0,12.0,1.0,94.22526980035457,50.122748018532214,November,Doctor,Bad,NM
18.0,277.13912754130985,29683.80352318623,8.889334545580954,26.914333615073303,31.09517612454486,1.0,9.0,421.7513127621851,2846.290083926564,4.0,5.0,3.0,9.0,2.0,23.07288003077467,2669.0563574601633,October,Entrepreneur,Bad,NM
56.0,53.15932441246636,34250.99226725697,3.8294369576371885,3.847639407414241,37.63763445219735,10.0,8.0,394.9024901621465,3414.59440380823,4.0,2.0,3.0,9.0,4.0,826.357929789744,101.25478304999626,December,Manager,Good,No
40.0,61.94635831399481,74334.53496946096,12.21856497783715,23.035892306932794,29.589065556014546,5.0,11.0,738.1147610301688,9460.922539547486,4.0,5.0,12.0,7.0,4.0,249.1639002381376,386.023591287539,November,Writer,Good,No
24.0,147.39546672118618,69549.59505143171,1.738269211200432,15.53725568823171,32.15951678617581,20.0,20.0,289.5675439577411,7882.4558902220015,4.0,3.0,15.0,16.0,5.0,1909.8569299114768,485.729328794727,November,Musician,Standard,Yes
17.0,103.5346057765497,29872.09569317918,13.805306800504813,8.114887448642264,37.80806838062081,29.0,13.0,219.26277826997327,947.2199378338569,8.0,8.0,16.0,19.0,7.0,4028.8689374513547,312.69584065838,September,Entrepreneur,Standard,Yes
34.0,51.32666984795569,198839.9564513408,2.8429468194358165,26.838486108728603,26.489732639232738,13.0,21.0,496.36459589146045,3808.120864589215,0.0,3.0,8.0,9.0,2.0,870.4828549080696,367.95410067565217,September,Manager,Bad,No
40.0,42.25258922936511,36146.48350297423,14.173633493892211,16.211697463849532,30.1008029442125,23.0,10.0,262.53382844117675,4409.428521903034,4.0,6.0,11.0,6.0,3.0,1720.4977938259744,199.3580621373393,September,Architect,Good,Yes
43.0,160.0163083889939,28421.666163617687,10.220114892901623,3.17371408250483,41.714774247931594,2.0,2.0,264.43704326043337,3065.067927421846,2.0,4.0,3.0,10.0,3.0,499.5754948131699,4001.1250884794763,September,Scientist,Bad,NM
33.0,188.3803348581504,10567.946951417329,19.134165784606868,15.68381255397503,32.576225158690654,9.0,11.0,317.21422045639133,1679.984431374617,4.0,6.0,12.0,6.0,1.0,1819.6847515708,16.080857007130255,November,Doctor,Good,No
41.0,162.53035070381074,46652.4284820815,3.520209235155889,20.292186659518165,25.491238488546646,8.0,5.0,394.86548946748326,3044.9091142129028,7.0,4.0,4.0,19.0,5.0,167.79540055621172,147.40978139946031,September,Doctor,Good,No
26.0,96.66503044883648,9801.49004397445,5.157033839470323,21.825812332873113,22.178423597879824,5.0,12.0,251.588651932869,1246.974772359966,7.0,9.0,8.0,15.0,1.0,54.7947110184107,2221.6717988289856,November,Manager,Bad,No
32.0,69.11076366142308,22973.526523020933,6.8060740458043405,11.414373528514034,35.688555797914866,20.0,13.0,687.996734769669,2481.835718298164,1.0,7.0,8.0,15.0,1.0,2874.1318382830636,1562.850917759536,September,Media_Manager,Good,No
30.0,667.3974293627,633580.3557223902,7.868964846176958,25.143026479651326,32.144997729603176,23.0,18.0,406.60323015391987,14420.64048611986,4.0,4.0,8.0,15.0,7.0,1336.2190764907573,659.0854456814423,September,Media_Manager,Standard,Yes
30.0,62.59788785869558,28112.292810676397,8.00028364419062,3.038773270794991,38.31616459352006,27.0,19.0,321.6918509435187,3834.163709749211,7.0,6.0,10.0,22.0,6.0,4161.1272884047685,257.44085625757896,December,Accountant,Standard,Yes
24.0,102.39432414664778,119786.9356887671,0.13579428349433798,26.361124506363012,42.15364558578135,10.0,8.0,771.4020155906844,4393.433109295832,3.0,5.0,5.0,13.0,2.0,409.02585461839067,98.48444247638196,November,Scientist,Bad,No
37.0,259.02356811033053,92825.43606973364,8.717850833111985,23.37841446187639,38.88762812340262,19.0,6.0,1010.7119468461357,9446.652775740851,3.0,6.0,4.0,10.0,1.0,70.30985955051075,55.22477454769971,November,Doctor,Bad,No
38.0,24.42251154663805,27904.333576690726,8.26345376544418,20.033000948000222,38.15155468076188,23.0,18.0,315.2171995827798,2600.291672616311,5.0,4.0,11.0,17.0,4.0,1578.686167015921,2338.427769722879,December,Teacher,Good,Yes
28.0,226.49876153248198,7911.430209650501,21.50466515349832,22.02421317244108,25.60704022666766,43.0,13.0,189.7234710834617,2519.4259057317,5.0,5.0,12.0,8.0,6.0,2072.0657688653896,248.8513249988574,December,Scientist,Standard,Yes
30.0,224.79366056989576,39124.17933662438,7.842786415783472,11.86565285025074,24.087221927710164,46.0,16.0,339.2787436041482,3832.3614558875283,6.0,10.0,11.0,16.0,9.0,4322.889490130086,280.7380036937552,September,Scientist,Standard,Yes
31.0,30.218325297022957,35731.9314974719,3.707171447027477,20.156689680068553,35.121840670378674,5.0,5.0,479.60415770334737,2302.4184920644484,4.0,2.0,6.0,13.0,2.0,502.3521329328779,133.43360863915143,November,Journalist,Bad,No
22.0,152.49483606439597,34160.80593204859,22.835287022620708,16.26984547764107,36.29738088971098,10.0,11.0,489.419146338362,3225.817949866292,4.0,4.0,7.0,17.0,4.0,77.56356146314977,104.45038071965577,December,Media_Manager,Good,No
33.0,486.8943911220719,106765.92198173532,-0.8556635300250992,12.676736531621941,32.39396080630993,22.0,16.0,224.28769297120752,6135.2513140716965,5.0,5.0,9.0,15.0,6.0,2203.4982155784155,359.0788050679412,October,Journalist,Standard,Yes
23.0,31.447123966192343,8835.434769148374,19.518981222737484,26.270138765398713,31.629187687357977,36.0,22.0,460.50255956103695,1117.7571518760988,4.0,6.0,3.0,18.0,4.0,1567.6700891985697,120.15781185076976,September,Architect,Standard,Yes
37.0,20.69368313713164,18016.69780926194,8.24437347733992,18.60874920676639,26.478373275686764,18.0,13.0,272.5474749032294,1264.3862957295196,7.0,8.0,7.0,19.0,3.0,2052.8585983954313,860.2580793775502,November,Mechanic,Standard,Yes
41.0,148.60674864382474,189988.5471755249,9.702126711848486,24.298643410849763,32.938774580512295,15.0,6.0,658.9320759666809,15057.759461669597,4.0,6.0,1.0,12.0,2.0,1632.893604823747,434.3913786774493,November,Journalist,Good,Yes
42.0,228.4050464630738,16380.178893458167,16.224059671652842,15.605633831776402,35.42581234658617,14.0,27.0,169.58463060697827,2158.5730833730267,9.0,7.0,12.0,17.0,4.0,1098.1712948496993,1331.003333088027,November,Developer,Standard,Yes
26.0,111.48734053634291,17084.594706142816,6.103199101670569,10.139328890812635,31.291025607077806,13.0,9.0,369.856587648463,2093.6969776832702,6.0,4.0,5.0,17.0,6.0,1742.76264924987,8.02924343962762,December,Musician,Good,No
37.0,284.3424420338711,92281.0967987138,6.475539176247736,14.334086498022316,27.91657302430933,39.0,27.0,337.91886229567206,5091.306539853502,8.0,4.0,10.0,23.0,4.0,2115.9839668129694,381.1166781244077,November,Doctor,Standard,Yes
44.0,21.500868880067653,27541.11033983352,9.935551938791857,16.029508913265317,41.60795072101058,35.0,10.0,244.34157611922782,2158.9448286852153,4.0,6.0,14.0,8.0,5.0,4211.133812238981,337.18837014511547,October,Doctor,Standard,Yes
27.0,49.60746607191628,44188.09594939909,15.169382197579,18.67035040545892,38.9500276650928,25.0,15.0,589.0033685376922,2879.5785774733313,9.0,5.0,12.0,13.0,2.0,2067.4329464086836,357.720149334858,November,Scientist,Standard,Yes
39.0,142.9879341632996,29503.546989395298,8.569493611965033,13.558493167243057,39.13128656058187,13.0,7.0,338.25600779433023,5226.618090242549,2.0,6.0,5.0,9.0,1.0,1264.827542553932,56.28017421708189,November,Teacher,Bad,No
38.0,75.19464689202572,108877.62451189471,9.013090050250828,27.048887337901874,37.08971227490798,7.0,15.0,862.6275261406042,5668.944588634801,2.0,3.0,4.0,15.0,2.0,1192.401706942284,188.49013732116643,September,Journalist,Good,No
25.0,36.7103976544011,73360.91201615364,4.9179814109656235,22.827010785579546,31.851594128171886,17.0,18.0,412.1026285066217,3318.2964267609163,4.0,4.0,5.0,15.0,1.0,826.1775293144251,1449.4284454050985,December,Media_Manager,Good,No
29.0,55.8239811802126,21292.529947581304,7.879286455093446,17.280772955551583,29.810125560420538,13.0,8.0,530.18746693125,2603.8658307827545,6.0,7.0,3.0,12.0,1.0,3393.8575718846946,3283.962430243624,September,Architect,Good,No
31.0,92.02776243844035,58211.765916840246,16.63980866686561,27.00784167919437,32.70555666468359,23.0,11.0,314.73319888654953,3561.7507397715403,6.0,6.0,6.0,24.0,4.0,1276.0924038823455,390.0962440511026,December,Doctor,Standard,Yes
19.0,273.0040666281449,44177.9270240133,9.403041863788737,8.467500787478798,24.22718752794305,8.0,23.0,447.9855759796744,4548.641319705731,5.0,6.0,12.0,19.0,4.0,675.3393916848755,189.6919991800545,October,Musician,Standard,Yes
32.0,343.5665804218707,47855.64629980129,9.460516375059406,14.573191484970607,36.30072794224231,53.0,25.0,162.05820186270552,2582.2807640635715,10.0,7.0,12.0,22.0,3.0,2676.010910016677,187.23590702409723,December,Writer,Standard,Yes
34.0,24.91575326345972,7559.620731689991,14.157366205503482,20.51148849961004,30.66178185643871,32.0,8.0,243.46336751749325,697.5841235118305,9.0,11.0,11.0,21.0,3.0,3282.877673631878,4298.469746725095,November,Musician,Standard,Yes
32.0,134.90852662692515,64185.827684628064,11.36594346321429,2.3245953229209135,42.953046835937265,13.0,8.0,413.2472315485818,2327.5876898902443,5.0,2.0,13.0,15.0,5.0,954.4323414939561,271.82871074088297,November,Scientist,Good,No
46.0,134.3170902013563,31294.084647845844,0.40166672321631935,18.913126682357756,25.38848043879043,30.0,15.0,335.70495746744473,2646.5700896888197,7.0,7.0,11.0,13.0,3.0,1868.200385067347,140.97191400734215,November,Developer,Standard,Yes
33.0,124.99906868722263,24102.350847054477,21.807691571347643,7.767586054127776,23.93051524627856,36.0,30.0,161.0195401231219,2003.8569012306036,10.0,8.0,14.0,13.0,7.0,4385.051330056861,123.8736971382588,November,Doctor,Standard,Yes
52.0,62.21149288848304,15725.693316431742,6.305983817275838,18.75112381606749,25.38445671960835,8.0,25.0,290.71745739067103,1829.99562619038,5.0,0.0,9.0,12.0,2.0,1803.997290666059,2045.1436681741973,October,Scientist,Good,No
25.0,87.09960161823452,27334.41692578216,17.250203134113736,6.553267092544331,43.367094123071354,53.0,3.0,180.59151578505438,1636.2629342218975,8.0,10.0,16.0,24.0,9.0,1672.939055837472,533.2274400630426,December,Architect,Standard,Yes
49.0,125.56516267525673,76960.59016522064,15.51168137074636,26.071444937574597,36.30560392754316,2.0,13.0,546.9192680249598,4717.933518809321,5.0,4.0,11.0,11.0,2.0,376.37883658133586,105.35077597008916,September,Doctor,Good,No
25.0,305.93317646121415,98045.3298114744,10.767224256742587,20.222501771101463,24.630179236163002,10.0,15.0,429.71290497218274,8095.279138411853,6.0,4.0,11.0,14.0,4.0,1601.5609833689978,243.53050884026374,December,Musician,Standard,Yes
46.0,296.01035362691385,30025.510144551565,4.456489412945466,24.501975934879965,23.747573193394814,5.0,7.0,275.1781633385631,2277.416489285113,1.0,4.0,5.0,2.0,0.0,643.6374478603146,231.07414993361294,October,Journalist,Bad,NM
40.0,16.053210363859392,23688.18908141966,11.53063792709796,14.171093377208592,24.9461678156578,37.0,22.0,379.478354490162,2484.0902734005135,6.0,7.0,7.0,16.0,2.0,1977.0749142998247,122.60990932792241,September,Teacher,Standard,Yes
29.0,175.46703097290424,50116.349433815274,19.674871477236163,17.796113221385212,30.31505424452206,7.0,10.0,272.8138971513538,2695.20609595858,6.0,6.0,7.0,13.0,3.0,898.4610475812342,203.3631224166877,November,Entrepreneur,Good,No
23.0,132.95470153065204,189812.05266371934,6.6461975073455335,21.238692995390295,28.632762729388386,19.0,14.0,702.322918107729,6859.073865389466,3.0,5.0,7.0,9.0,2.0,59.745136833159485,381.496065717245,September,Developer,Good,No
32.0,312.1976139520459,34070.16756496419,7.5434381847635485,13.837145614035364,40.89669332326924,6.0,8.0,347.23128518500596,2395.119307721288,5.0,6.0,5.0,7.0,1.0,222.85265973028143,10.048731091396487,December,Writer,Bad,NM
34.0,69.64458244766092,9876.11514492327,20.18826629575032,21.661168355257132,31.980579171816306,38.0,16.0,161.59758037347746,1198.3238323139942,7.0,6.0,8.0,10.0,4.0,1038.8793432330322,550.3711427622808,October,Entrepreneur,Standard,Yes
29.0,201.19349384524978,30239.782197586203,5.832701452964798,17.255090048776708,27.899496900550524,12.0,10.0,276.5334704194137,2673.4121893833894,2.0,3.0,3.0,2.0,1.0,347.7404199823108,121.68710227761991,November,Media_Manager,Bad,NM
29.0,4.129051511689885,17936.2785060969,16.206332111844826,8.692455675123654,30.40155289711144,27.0,16.0,343.45129874882775,2448.592836658048,9.0,7.0,6.0,21.0,6.0,2547.5722758273882,150.71909909546758,December,Doctor,Standard,Yes
37.0,188.29762283646892,57007.3975786241,2.0907983157273797,21.314843817530175,24.012181859525924,6.0,6.0,334.66024430417633,5705.652260227521,5.0,7.0,4.0,7.0,3.0,148.4369396451583,310.71842710449465,September,Teacher,Bad,NM
24.0,46.29071788595861,36122.66517271553,3.7834824334623143,23.74651910340873,39.21939325088276,22.0,10.0,588.7690842069796,2497.204498497378,6.0,7.0,2.0,18.0,1.0,1101.1735837630383,3728.793870261115,December,Accountant,Good,No
33.0,232.7069186498884,100355.62439635614,5.681347194621125,25.60724618262543,32.88679253976196,17.0,5.0,726.3301324228914,3226.6862093787086,6.0,3.0,7.0,12.0,1.0,595.4036381576122,18.074633714762655,September,Writer,Good,No
40.0,119.0555585218479,118444.24743059985,6.470509306048932,24.5493947181684,32.76173945503079,8.0,5.0,1163.5313264048655,6753.807959903747,1.0,0.0,7.0,3.0,1.0,412.03866236963563,196.39745860885807,November,Entrepreneur,Bad,NM
24.0,199.90638610138188,32262.047719272392,12.509769255821027,7.890414361825094,29.792714532782423,25.0,2.0,162.54286639436378,3917.718575418717,6.0,7.0,16.0,27.0,5.0,3550.0872143884217,58.60915410611118,September,Doctor,Standard,Yes
36.0,102.82874684155561,31958.701787636892,8.608860678422072,14.076928768753078,26.629565826448456,2.0,6.0,270.0385400341885,4173.139190468139,5.0,3.0,6.0,13.0,2.0,50.52124785876064,182.7596262231923,October,Entrepreneur,Bad,NM
30.0,112.17043174639666,93273.9325487453,10.097557197661114,21.128184932737724,34.68275191376547,9.0,3.0,555.8175323385904,3926.1360292349477,2.0,7.0,10.0,9.0,2.0,3131.0645241932775,209.31423016434468,September,Manager,Good,No
53.0,128.3357707319426,26448.907202119663,4.447046162630251,24.96621462853659,31.627768308480576,6.0,5.0,539.088073750305,1346.2034601372836,5.0,5.0,3.0,11.0,2.0,19.92428336336118,4.343405707455531,October,Mechanic,Bad,NM
32.0,12.012339606318706,12850.524582219,11.455704481149304,13.115458536382334,31.6178551490318,14.0,8.0,407.50451549285174,1361.119536279787,6.0,5.0,5.0,20.0,1.0,2464.299493190334,1568.9870710476455,December,Teacher,Good,No
32.0,108.05231593719839,43510.49385322328,12.045764773430399,8.68967153276401,34.273506374718465,17.0,10.0,258.0334037546554,881.5077127162456,3.0,7.0,16.0,6.0,5.0,1995.346315044399,321.68171477786433,November,Scientist,Good,No
41.0,306.80713680730855,200314.30497563738,4.886896920678815,28.98281628205973,25.65237926988697,14.0,22.0,546.5064988247003,8273.255949834122,8.0,5.0,5.0,12.0,3.0,1032.289569980443,149.6049563173587,November,Doctor,Standard,Yes
38.0,487.0148895975327,164039.4362971634,7.680079352536712,20.45910883050152,35.74837395597956,5.0,6.0,466.1202634836801,12292.53144306447,5.0,6.0,6.0,10.0,5.0,427.05021331881153,242.35274321308958,November,Engineer,Good,No
37.0,35.147091608496936,12819.50695616228,8.832297523152999,21.15781522828013,31.325880967057408,13.0,13.0,394.51662711480697,414.00094965525756,5.0,6.0,9.0,21.0,5.0,2286.9984002683523,95.93528750174333,October,Developer,Standard,Yes
29.0,1084.4114560512648,251859.46313569098,3.2107816033564056,30.091741694619543,32.1790504519189,33.0,13.0,443.4761325818258,7978.153017126178,6.0,6.0,11.0,16.0,4.0,2064.1876259024934,427.53784836866356,November,Mechanic,Standard,Yes
41.0,14.765342482687087,34783.90771962682,12.478541678923552,6.597882724925341,28.553115134138046,16.0,22.0,541.8907389061641,2334.7937394175697,5.0,6.0,14.0,21.0,5.0,1982.8179099377073,296.6364006513004,November,Musician,Standard,Yes
25.0,293.57938385256307,66219.59837541627,6.571154536844293,8.112370862089278,33.733372709005124,43.0,17.0,419.9515213086503,4040.806016508526,4.0,6.0,13.0,13.0,3.0,2636.7427741695747,118.2109404816319,October,Mechanic,Standard,Yes
30.0,79.16870036229525,34078.859674828374,20.702450097136076,6.361738121887129,37.03183182831725,46.0,13.0,308.12628170252026,2035.86680745817,9.0,7.0,9.0,8.0,3.0,2274.5087793276707,4365.468681272957,November,Musician,Standard,Yes
32.0,275.8002709057194,56496.245371342586,1.9533723046114098,32.70304300921924,31.031944977700466,5.0,2.0,440.78797930178064,4889.024780164457,6.0,4.0,2.0,11.0,2.0,952.8964960345138,240.16451557428226,December,Doctor,Bad,NM
33.0,192.84661683454937,51597.94491784082,9.22929490587211,18.445436691112604,26.894712067999897,4.0,27.0,440.20109325405656,5486.561665219099,3.0,5.0,8.0,7.0,6.0,939.4229984362573,377.803193081254,September,Doctor,Good,No
43.0,505.88007482988667,106768.29565242496,13.22471084880734,13.775224331952359,29.83562800574871,21.0,20.0,290.9728068163781,6085.872009805936,10.0,9.0,10.0,22.0,6.0,3070.998539084318,411.93330966312334,November,Media_Manager,Standard,Yes
37.0,126.12213721364883,28473.24926915414,-2.1114302447116007,13.715789665412558,35.346225475222326,11.0,10.0,144.95175157493733,2532.747738205581,2.0,5.0,9.0,6.0,5.0,2827.8186388919985,358.7098949168924,September,Media_Manager,Bad,No
35.0,73.74628162409596,24765.658576733917,13.098011802725992,23.383864825181718,31.561062811404515,12.0,5.0,477.2184246114115,3071.5896490391797,7.0,5.0,6.0,15.0,3.0,952.8796236179802,3745.6965129621817,December,Writer,Good,Yes
38.0,312.03381775068624,57870.792215571884,5.345053116852366,21.554929845654954,26.72098580330068,10.0,12.0,326.79394763529535,5149.367747068808,5.0,7.0,6.0,18.0,3.0,624.9965459136287,210.52112576684866,October,Writer,Good,Yes
37.0,47.9077426962031,31859.71470999931,14.10559994287767,24.83292753091291,27.743103936064987,9.0,7.0,412.99177170422786,4679.5082243491925,7.0,5.0,5.0,12.0,3.0,615.9582978870961,4187.818988058014,October,Journalist,Good,Yes
38.0,36.65022569542406,7346.148222285271,6.795696959036743,11.209401160974892,36.80472702797205,19.0,15.0,289.13761269783106,1009.9598102028809,4.0,6.0,7.0,8.0,5.0,1053.5865688730078,2573.8320948812498,November,Media_Manager,Bad,No
37.0,184.7130104312248,41767.4427296763,6.5619317311675935,2.773262323944969,30.80465678830374,3.0,6.0,355.29755480637164,2724.118791272838,4.0,5.0,5.0,16.0,1.0,65.18586736246748,185.80926400765196,December,Teacher,Bad,No
26.0,296.99335664166404,84889.60761217405,7.8624997739105495,22.88815718483528,37.061003209777475,8.0,11.0,209.44612447937422,3403.2029150997387,3.0,3.0,3.0,13.0,6.0,1424.233864594836,266.45645319543416,September,Teacher,Bad,No
53.0,102.34646783267864,15813.521807632507,16.164525313715952,6.488053353236467,28.608694126616566,31.0,28.0,226.3024278249229,2411.0747764901857,8.0,6.0,18.0,14.0,8.0,2648.5778911781567,285.4876227803458,September,Mechanic,Standard,Yes
37.0,234.97639861477495,129852.2479203295,8.984127364614146,28.31792534497805,30.303737907062796,7.0,5.0,425.03848431609924,8077.61867272675,5.0,4.0,4.0,6.0,0.0,387.2809021558545,8.887752790960292,December,Mechanic,Bad,NM
34.0,230.26338291097917,18174.451633126555,15.600914091610324,13.034894240633207,24.594544129934757,12.0,28.0,197.0814827958781,1553.2411758122425,7.0,8.0,10.0,10.0,2.0,1752.647970939333,2702.1586933447898,November,Scientist,Standard,Yes
39.0,74.85238655765205,27297.388386598675,15.392587309495102,11.048796040320894,31.0259904195108,47.0,16.0,206.08720736809764,1585.8365122363396,7.0,5.0,11.0,17.0,6.0,2059.5069899427767,388.3462929915891,November,Lawyer,Standard,Yes
35.0,18.83901367582107,11285.73363048918,7.412827236122933,11.076797721247601,26.175428423914365,53.0,2.0,265.65830581824923,2499.9342464169767,10.0,10.0,12.0,18.0,4.0,4357.672632369387,233.96057547383108,October,Teacher,Standard,Yes
28.0,34.63967933456776,20334.80459802937,15.58554573324653,12.254849026858267,32.805141544089956,26.0,18.0,247.55634122794268,1320.8855449271716,7.0,7.0,12.0,15.0,3.0,2708.8569374261783,30.587770986111593,November,Doctor,Standard,Yes
20.0,55.33704594489149,106980.97223056895,11.008357907935977,13.079868730881515,29.2440029844469,15.0,13.0,363.24821731313284,5452.920626957782,7.0,8.0,8.0,16.0,6.0,3371.1746627383786,233.1767308920287,October,Accountant,Standard,Yes
14.0,288.1114770359333,101069.18941133372,7.765846897568885,17.959521318894076,36.06369131014071,24.0,11.0,397.3122696867283,3657.0784818483376,6.0,3.0,9.0,10.0,3.0,838.3456781995504,104.00735521760086,December,Media_Manager,Good,No
24.0,118.20957251059754,22826.329896958385,18.607699402896056,30.421019146987987,31.911351819190283,31.0,17.0,280.5301415482228,2521.7802025638525,6.0,6.0,6.0,20.0,2.0,1356.3780621039548,4248.282420083782,September,Teacher,Standard,Yes
22.0,115.4625199857087,61032.89933298409,4.11578413188089,13.225006310641788,29.01862158478184,20.0,18.0,269.2166967060564,2817.6864049918026,9.0,7.0,14.0,14.0,3.0,1648.6787742556382,3450.7435579191106,December,Scientist,Standard,Yes
51.0,251.28256065180344,220958.11538480263,5.904115743326582,14.221510419835852,43.54815634560023,24.0,26.0,395.95359217577845,8400.820980900364,7.0,10.0,9.0,9.0,4.0,1643.220419666221,340.54434396397545,December,Media_Manager,Standard,Yes
36.0,23.706840862534918,17542.758618796102,10.8814737286969,14.017198818329462,37.6851212036831,34.0,13.0,413.20411106465815,1426.7297819141734,5.0,6.0,12.0,8.0,2.0,2385.090651436118,169.52094084936675,November,Manager,Standard,Yes
29.0,38.952438383287486,27342.66517026076,12.773521686198148,9.921936717332585,28.638969614658656,31.0,20.0,256.0645200018805,739.231587726203,10.0,7.0,15.0,13.0,5.0,1959.6261199863598,324.4076910389262,December,Entrepreneur,Standard,Yes
40.0,225.57371402509753,104031.55248497605,3.7734534273528304,31.45455715256668,31.837746863630844,2.0,3.0,649.9341918411251,4940.509150556651,2.0,3.0,3.0,5.0,0.0,115.55527090299505,128.2494831780329,October,Scientist,Bad,NM
46.0,106.94893720648152,22480.612841326234,6.00209299711042,10.452961871836067,25.59713506027535,22.0,13.0,317.2047584019017,2371.0430897262972,5.0,7.0,11.0,8.0,2.0,4085.7406322952493,4373.961692773827,November,Doctor,Standard,Yes
33.0,141.45692301993634,30759.313961925393,0.7147471669028889,23.567610900552438,37.48729290463791,41.0,3.0,393.5125946833773,2901.1511370320377,1.0,7.0,6.0,7.0,0.0,289.3053567550517,672.4467591420373,September,Journalist,Bad,NM
33.0,125.90249243945411,172939.07822833455,6.000898869069665,19.964332141580122,34.982932198653245,6.0,1.0,832.2430555603803,6520.342224032783,2.0,4.0,6.0,15.0,2.0,785.2878203673438,136.08583686061792,September,Developer,Good,No
30.0,161.5371392879243,34456.28651807323,3.310665915033514,30.556398946765228,34.11354913539434,41.0,6.0,246.20124160932212,4198.541617168311,6.0,9.0,3.0,12.0,2.0,2032.1795848929364,3899.6366024928516,September,Lawyer,Standard,Yes
38.0,389.8688250292051,29980.633063207584,10.513657733247463,11.753700819690323,34.4162787831289,15.0,8.0,218.66951138248757,4564.808348429861,8.0,9.0,10.0,23.0,3.0,2129.4074356503843,66.83718607786335,November,Developer,Standard,Yes
34.0,263.00434097435664,41623.02183425412,1.1294322665876528,20.943411721360405,31.00915698620224,6.0,4.0,358.4405955371751,4034.7968738223835,5.0,3.0,3.0,12.0,4.0,1104.4943525952738,165.11887442402514,October,Journalist,Bad,NM
43.0,212.42184179722912,48386.99166132296,5.3894999232383185,11.996679117777433,38.85009533873111,18.0,14.0,207.35201417392196,2605.530871734826,5.0,3.0,8.0,12.0,3.0,1024.0907966153416,237.85239856672914,September,Media_Manager,Good,No
45.0,347.2028563897321,62731.647706658005,18.079064898601526,15.165551895224667,26.59783682186991,33.0,28.0,227.0336668948439,2251.596516326594,7.0,5.0,7.0,10.0,5.0,545.3207514547884,320.9191556795451,November,Musician,Standard,Yes
41.0,463.71691196702847,83634.39244453884,11.285789972207162,16.151945165711766,37.13470862502057,11.0,15.0,310.63683987656054,5193.574544934536,6.0,8.0,5.0,5.0,5.0,1936.0910922270161,276.3190294949943,November,Manager,Standard,Yes
18.0,182.15799368266508,25158.470369486367,1.5217527480518704,28.83739031808409,28.002537748387883,12.0,3.0,187.43961852937386,3406.805614637348,5.0,3.0,4.0,11.0,1.0,31.53499890312876,45.7437979095121,October,Mechanic,Bad,NM
50.0,198.44378651381467,211205.64456891225,4.629330821800295,26.644202538799675,35.74099458840835,5.0,24.0,613.7120446299804,9678.679725490461,5.0,3.0,2.0,11.0,3.0,1001.6081671443394,555.5579560558734,November,Writer,Good,Yes
29.0,115.61179985521275,56559.08222619486,0.3469607178390959,16.824681995738274,28.673317268630942,25.0,6.0,384.2136348965581,3081.3572392466835,6.0,5.0,6.0,8.0,8.0,337.4348971189365,546.233047278675,November,Developer,Good,No
26.0,140.89263271391798,15164.477953696201,13.627410852391243,18.678974433103008,28.50252135436722,26.0,9.0,115.56843644086624,2343.1909169081114,7.0,6.0,8.0,14.0,1.0,3785.141589108784,1404.0185758580424,November,Manager,Standard,Yes
30.0,58.17653505214105,12076.117194501316,13.156783670158056,6.541223806402627,34.44707111557957,49.0,24.0,238.1113411708694,516.0969376060453,7.0,5.0,16.0,22.0,8.0,1947.1346862917524,2292.5402866390937,November,Doctor,Standard,Yes
43.0,41.687961017630364,217642.04692544512,9.831970755666752,29.076972662149103,32.77056959158199,1.0,22.0,593.6709852939367,12118.209310862863,2.0,6.0,3.0,15.0,2.0,793.1048305458817,93.3158635227509,December,Architect,Bad,No
45.0,452.379244654015,108582.07044423754,1.3721669202813906,21.37654724960987,34.69466104097743,15.0,13.0,388.34739190157177,5563.391848174789,7.0,8.0,2.0,13.0,3.0,1092.9205426257254,262.94441459468345,September,Lawyer,Standard,Yes
33.0,189.68429678635164,11845.527434995503,6.3750879018526945,12.022586202684693,26.30318099668752,23.0,15.0,161.95700275978606,1587.1206916141368,9.0,6.0,7.0,23.0,8.0,2581.645073086564,350.76198901056506,September,Teacher,Standard,Yes
28.0,176.02554598411442,76690.59470015042,16.02862508960784,25.193636479434076,28.653313100342984,4.0,19.0,335.73943618375836,4236.033960766219,5.0,5.0,8.0,14.0,2.0,658.6051238913413,151.89656373928187,December,Scientist,Good,No
39.0,135.13029666048283,105778.37777295342,14.345733959075975,18.630428789544908,32.808170300197936,8.0,12.0,507.35052544946416,5521.041660897028,6.0,4.0,4.0,16.0,3.0,1099.9593115382918,218.2588698818899,November,Writer,Good,Yes
35.0,333.52534060073407,123604.37694946067,9.05432474181547,18.917813303395633,34.96292625328179,2.0,11.0,647.5176012411301,4284.266707519895,8.0,6.0,9.0,20.0,2.0,729.7309843951788,129.44031734547306,September,Entrepreneur,Standard,Yes
34.0,221.33823250044537,24212.551914924054,17.3010964623732,25.337318135166015,39.46776084998612,26.0,9.0,335.6980493229827,1224.9058173237413,7.0,6.0,6.0,11.0,1.0,531.2707345230579,2076.35577189645,September,Writer,Good,No
15.0,56.42391050854571,36610.3210604795,13.929764159823254,24.435125053943693,34.48528418641387,14.0,17.0,495.35984410695494,2135.235727335135,5.0,7.0,8.0,19.0,1.0,1885.5760943708972,2954.771917931126,October,Manager,Standard,Yes
50.0,95.65590122598395,43301.18193540716,9.430235502828161,16.85990398329983,39.33243355907581,3.0,6.0,555.5637865156683,2837.5362401143357,4.0,5.0,3.0,2.0,1.0,378.3132572586438,214.33968453384742,September,Lawyer,Bad,NM
33.0,465.42734489271226,31714.159513445742,10.031162690921025,17.4351455618189,31.797973017879738,16.0,11.0,385.64820764242563,3296.2532061886614,4.0,4.0,5.0,8.0,2.0,1893.1994096204678,249.3324418042217,November,Developer,Good,No
29.0,163.99032496367818,199732.13345145222,33.06370591630446,20.988321143159,30.68698448562677,7.0,12.0,475.21133479762887,6899.544153871899,5.0,4.0,2.0,14.0,2.0,246.35078786386134,196.39374130778845,November,Accountant,Good,No
16.0,203.63981319792526,31455.559824006767,9.601818129444425,10.959565683315418,30.9670842250987,33.0,16.0,201.71848831147142,2990.923173329332,4.0,7.0,8.0,9.0,4.0,1922.4360629373157,4293.976339438116,December,Lawyer,Good,No
28.0,114.37427486697149,22551.84856498511,8.841621769190816,13.245406015454535,32.456230123972155,11.0,16.0,207.9124771752835,1725.9349493630546,4.0,9.0,5.0,11.0,0.0,1518.4469219329653,80.09036699963562,September,Entrepreneur,Good,No
26.0,98.07934770128395,11615.33907972554,23.45171399780396,15.3237744669525,24.134877919782816,14.0,11.0,300.34782123856814,1015.4298120020802,6.0,8.0,10.0,14.0,4.0,1905.6941680097655,39.24436960660641,October,Mechanic,Standard,Yes
30.0,288.97253783951237,55692.617319411824,3.7510356246388845,26.739344850440432,24.87723693581882,10.0,9.0,384.4744915877958,4405.136107354896,7.0,4.0,6.0,11.0,1.0,486.41749140024433,53.0663162836662,September,Developer,Good,No
42.0,216.57214101202703,33613.840829071974,9.943903078473593,31.715280078198475,25.490576210989417,11.0,7.0,385.94052270724353,4136.010478126322,6.0,6.0,7.0,13.0,0.0,559.3303098600871,377.90476921754504,October,Entrepreneur,Good,No
26.0,380.60876348053733,110451.93499996209,7.439946675230303,26.723357701095097,31.646747454923634,13.0,12.0,269.081671423791,5066.663865682364,4.0,3.0,5.0,11.0,8.0,286.5122283988083,567.2058907685177,October,Media_Manager,Bad,No
25.0,511.5392156974487,321330.7246094624,2.3511187531497377,10.227992493297052,34.38985219514929,2.0,9.0,389.818523578121,6852.1204604430495,3.0,5.0,4.0,13.0,3.0,1946.4623970920609,339.5634666305318,September,Mechanic,Bad,NM
23.0,108.87198052501486,35836.7553583563,20.970777807828778,28.9067694277569,33.746215674327246,19.0,4.0,291.52877424559836,3548.642577372526,9.0,4.0,4.0,26.0,3.0,349.76891168688456,1102.9358093734486,October,Journalist,Standard,Yes
32.0,45.74737771768021,33008.61573700151,6.752845604349659,19.846729368364493,34.753812507236056,-1.0,22.0,498.0060403772951,3112.05267915132,6.0,8.0,9.0,16.0,1.0,892.1104125392701,195.7244848774911,November,Teacher,Good,Yes
46.0,346.41701551775867,62292.56859959611,8.47812019425453,28.344833045356097,31.344371436346186,4.0,8.0,516.2775524129464,7121.674349818785,4.0,4.0,0.0,9.0,2.0,184.74706879609778,141.17584288542307,October,Media_Manager,Bad,No
47.0,51.18439198094062,61134.733502201874,14.937963030058821,20.33105807691919,31.212072694041428,9.0,10.0,848.2686619417352,3488.8577742552593,5.0,3.0,19.0,16.0,2.0,605.023036425165,1812.7332956217697,December,Architect,Standard,Yes
52.0,42.821974893974634,20278.41284677784,8.686280542113089,19.348391683527666,32.79173396094412,14.0,9.0,261.8839765228271,972.8796015307734,6.0,4.0,5.0,10.0,1.0,1000.2611630205529,1507.0567629509246,December,Lawyer,Bad,No
26.0,52.45160658192819,37516.44300576787,11.939163695665194,12.597897577494962,33.423850334569295,9.0,11.0,284.50335258488406,3656.6008457482367,3.0,7.0,9.0,15.0,3.0,2292.5649801441227,152.01415389402325,October,Lawyer,Good,No
33.0,141.54592070142635,40859.28779412013,6.838640125982156,21.026001880887463,38.10579028903124,8.0,10.0,443.45188368021536,2860.202557636603,5.0,7.0,6.0,7.0,1.0,511.9236206648098,1836.4855007951255,December,Developer,Good,No
16.0,99.29289920300326,62699.59753986914,5.448013708556946,33.10163952824195,32.09993447113845,2.0,5.0,439.03160481709006,4174.076763969269,1.0,4.0,40.0,3.0,6.0,3315.9939236718774,31.21978590021466,December,Entrepreneur,Bad,NM
28.0,133.68302753685523,58201.91976543273,0.8761580259273494,23.970378233824533,35.211188055834796,47.0,20.0,615.3247409608176,5047.967324272668,4.0,4.0,12.0,13.0,6.0,2838.2689463419515,822.1078831090216,November,Lawyer,Standard,Yes
39.0,159.14630845125436,65853.10146164603,19.063950209035742,9.610689116918536,23.976734328512336,27.0,27.0,319.289707889434,2933.6922758722544,6.0,4.0,16.0,12.0,8.0,2136.380462334239,396.2795941626607,November,Entrepreneur,Standard,Yes
43.0,71.59671899344222,38939.45391321497,0.21947577780275296,17.00808303923668,40.64371495378811,32.0,2.0,459.10570547273414,2239.069876760454,5.0,7.0,7.0,14.0,2.0,1817.5364742660647,25.909982371935996,December,Scientist,Good,No
30.0,103.13008893016115,24966.723138335172,11.600739894849909,12.817463678865408,23.292756692688695,39.0,31.0,183.51805560710412,1363.060900013616,7.0,8.0,7.0,3.0,2.0,2119.470470083199,2468.158535611229,November,Media_Manager,Standard,Yes
52.0,88.70934222469592,30959.13677901259,13.276678134935857,17.736227455733967,31.219966151566823,7.0,9.0,398.775591568604,2985.101462044936,6.0,7.0,8.0,15.0,2.0,1123.989446128774,83.99788952902804,November,Architect,Good,Yes
24.0,195.43974173575754,73461.14750727775,13.90375375825452,19.72199817460711,32.80814523691205,7.0,15.0,264.2432461497615,11775.61042642735,6.0,2.0,11.0,11.0,4.0,246.5024233074051,350.43764798061306,September,Writer,Good,No
24.0,29.662190059297895,81788.79626443908,2.0031475772415055,6.764061825519207,44.032805363452766,20.0,18.0,436.8814379177827,3394.082133032915,7.0,3.0,12.0,20.0,4.0,2859.3555724771654,402.0273530525137,December,Media_Manager,Standard,Yes
17.0,251.92793703559556,121932.52947743936,2.7911873183453793,19.574694734974855,30.718451948285942,6.0,17.0,407.4436563159559,5320.31711112227,5.0,3.0,5.0,7.0,0.0,1626.7269693148528,244.629152078951,December,Writer,Good,No
32.0,646.9525219482241,302122.22272435477,12.362735883159992,17.675750809066358,29.35309531296759,4.0,6.0,268.2157756358181,6098.858008350958,5.0,4.0,7.0,11.0,7.0,507.84008035693483,545.2575900207288,October,Journalist,Good,No
38.0,299.0956773215892,119340.71772026461,2.1804437141549045,25.706238563642273,37.03406715482064,3.0,8.0,579.4398070884996,8076.286844576328,4.0,2.0,8.0,15.0,1.0,461.61612299231217,223.59351795334877,September,Musician,Bad,NM
30.0,51.51760179303178,31998.579060203785,13.041831460539086,9.65168239321713,30.43453244374348,7.0,23.0,276.3531538707982,3284.1154082038115,9.0,11.0,14.0,20.0,7.0,2021.7754775767776,256.0752310823025,September,Engineer,Standard,Yes
39.0,51.432951642862385,13805.04949935501,9.169087714851944,26.53881882586012,35.409384019226785,16.0,17.0,240.09911966146117,1357.8997191745977,3.0,5.0,5.0,12.0,3.0,624.8976986721902,138.28831611626848,December,Doctor,Good,No
31.0,202.41131356199526,113806.92268857577,9.65238178315957,25.29238959020472,35.313048320359705,6.0,2.0,567.7123249403617,5125.360272874138,6.0,4.0,8.0,10.0,1.0,1051.9125090413306,70.29508052954762,September,Doctor,Good,No
41.0,79.62765802646777,29776.8349681872,4.650169100481101,11.38330077104977,33.03936519489007,8.0,16.0,315.45089836566194,3000.2133489176795,5.0,2.0,3.0,18.0,3.0,281.5533433445878,171.04624979287007,September,Manager,Good,No
30.0,13.594411611513383,8010.686746355625,11.35979404072824,12.606081005353246,32.12246609215709,42.0,22.0,257.14074676670725,988.0966089995926,11.0,7.0,16.0,24.0,2.0,2595.4139356623905,4462.372742277594,September,Media_Manager,Standard,Yes
46.0,16.324731145445377,49458.803223678435,11.547564696799494,26.119714470206247,29.145398270622277,17.0,3.0,426.180169900662,4898.411211355294,7.0,3.0,6.0,10.0,3.0,444.4651275148647,175.7129949510841,September,Mechanic,Good,No
42.0,458.3399403042879,48335.42537377896,16.583056643545167,7.089197962145533,33.018862906493645,23.0,24.0,152.00294302397185,2383.0480233096105,7.0,9.0,12.0,19.0,4.0,2901.637796682964,346.17035564928,October,Mechanic,Standard,Yes
51.0,181.55225476675716,149709.38234500587,6.761014223763347,22.99654252209882,31.958423780384187,5.0,7.0,418.4265934615197,3966.442244006315,4.0,3.0,6.0,6.0,0.0,344.2519090994532,76.21192928590743,November,Lawyer,Bad,NM
20.0,291.65431274343064,145603.8325335377,1.9569008012013605,33.80877777269973,41.596555127105546,4.0,14.0,668.0227260882623,6272.883531022692,4.0,5.0,4.0,5.0,2.0,395.9748763994187,274.2153036170675,December,Architect,Bad,NM
37.0,382.02182360066473,54889.93333901326,2.136356321940667,17.893634211996073,43.93850729035443,12.0,8.0,619.9832057899604,7407.225024026626,8.0,7.0,8.0,20.0,5.0,899.6842546620086,188.87874542703184,December,Mechanic,Standard,Yes
45.0,940.8124429041285,80132.14594280419,0.48021771944626224,22.036274312188766,41.612304431402876,24.0,6.0,252.71703556970274,5282.927007240352,5.0,9.0,2.0,10.0,1.0,333.29518428402264,237.97641954582042,October,Mechanic,Bad,No
40.0,415.8090601347089,45040.4510656973,5.709573394322234,30.56503338043484,36.635226110079145,47.0,4.0,279.3903258153913,3498.054399950895,6.0,6.0,4.0,9.0,3.0,845.3941637933414,189.2161330095292,November,Doctor,Good,Yes
32.0,241.61651206248135,174594.89386181894,26.638285899056537,8.341665637399501,34.522875092530526,15.0,17.0,385.17308325718204,4803.08658582929,2.0,6.0,29.0,15.0,7.0,1117.607200500591,331.7813692363174,December,Accountant,Standard,Yes
24.0,37.27651482188906,9068.809263362991,10.385750832952464,6.130969578621432,32.226960317214775,12.0,14.0,212.01067481527033,1521.052569399153,5.0,4.0,15.0,16.0,3.0,4136.921931471154,2390.3472684476574,November,Mechanic,Good,No
26.0,476.1668673524694,13515.666669352184,0.3683714403757179,13.101600074944713,38.438785497700266,24.0,8.0,87.88539134407313,2617.371259736668,6.0,5.0,6.0,19.0,6.0,1465.9871841319705,360.92372544118956,September,Media_Manager,Good,No
20.0,52.71581603620845,54390.293992357445,14.33130739192178,19.382528993986625,28.118597044770606,13.0,9.0,862.9264515051733,8985.228499512436,8.0,7.0,8.0,10.0,4.0,268.4729794493848,276.51347789365224,September,Writer,Standard,Yes
30.0,67.46129264636521,68791.46225953223,19.87445526489193,9.60920293365649,32.93321558038246,37.0,23.0,646.3755437241432,6271.846096871771,7.0,6.0,8.0,20.0,8.0,859.7672713196978,420.2584076948004,November,Developer,Standard,Yes
25.0,106.40435558993211,44644.90894299257,9.857082221047527,24.504822495421195,34.478255805910266,13.0,30.0,338.6086221886585,2217.620347974591,6.0,5.0,13.0,14.0,1.0,3338.625917177824,103.18058096805629,September,Architect,Standard,Yes
41.0,37.21672808764249,76734.93123985222,4.501482455976802,29.126555007935394,28.884314933549238,47.0,1.0,462.8497737509214,6392.502081497058,4.0,4.0,7.0,16.0,3.0,6.266344732082257,201.67766689354755,October,Developer,Good,No
24.0,139.7875286660227,18103.275364009784,27.87988139905516,13.25626455924754,29.861218188473813,56.0,21.0,144.8463991350624,614.0137017809514,7.0,7.0,6.0,19.0,7.0,881.1667524176053,164.82979542903476,December,Mechanic,Standard,Yes
40.0,198.01615254845396,49674.264093947306,14.046842204204783,19.353260589791773,28.04134781149436,22.0,13.0,161.9273242717581,2629.541522327181,6.0,5.0,5.0,16.0,5.0,446.6745971505223,239.40181791164628,November,Entrepreneur,Good,Yes
27.0,214.57552719648385,102507.79646302277,13.143737755695742,28.00141148862432,37.497374990892766,11.0,9.0,653.8481549983441,5801.054318199517,3.0,4.0,6.0,7.0,5.0,844.3908581275869,105.39790291973002,September,Journalist,Good,No
40.0,194.34948368439416,25406.125634921627,5.434306891846575,31.30968631973576,31.941007685395153,13.0,2.0,381.9396136437829,2583.246034351208,1.0,2.0,3.0,7.0,1.0,191.43396770350836,58.384526234904186,October,Scientist,Bad,NM
36.0,70.6162076143859,164759.95950293008,14.846708555172466,33.28429025345474,38.40540567681389,16.0,11.0,1026.7732599248357,7202.663640207635,4.0,1.0,5.0,13.0,3.0,1061.7299612082606,487.51692979261725,November,Musician,Good,Yes
19.0,410.09644908402913,131576.95173270474,15.201872863073561,9.964593039874444,29.315545977755292,14.0,12.0,418.50916388952237,14211.358973838804,5.0,8.0,9.0,18.0,9.0,1689.0074353093164,485.6212318765963,October,Lawyer,Standard,Yes
16.0,432.76975786972815,74951.38578726088,9.241307209285512,29.372437537731628,33.220271789727995,35.0,17.0,513.4712659700042,8886.72510687777,5.0,7.0,5.0,15.0,5.0,1671.4152890217367,1207.5288744911088,November,Manager,Standard,Yes
17.0,462.9493114032861,49547.30943879216,16.458047249381824,14.690545813702329,37.25383208845244,45.0,10.0,280.9555728919853,5670.449494212598,4.0,5.0,12.0,21.0,3.0,1020.5782810698167,253.73552748544603,November,Doctor,Standard,Yes
38.0,175.32991698173277,21289.306481833686,12.273565622319094,23.116389215938227,31.245819443898995,10.0,6.0,301.0331048068864,1816.3933336817713,2.0,3.0,6.0,17.0,6.0,707.4392106100247,150.62508824486554,October,Manager,Good,No
47.0,94.87419502916542,38932.9808538037,-2.7729376265477583,24.380002340453714,31.546707322798966,34.0,9.0,328.27409134693005,3824.9913293404,5.0,10.0,3.0,2.0,1.0,1051.0575950594412,118.22243446662955,October,Engineer,Good,No
49.0,122.50474092442106,92426.15966512573,12.33424647223709,17.815340663056872,30.861972189579543,27.0,8.0,526.8258463726888,8097.68570750795,0.0,5.0,0.0,9.0,0.0,1758.5637183408614,442.65745803225764,November,Architect,Bad,No
25.0,333.69194704171434,23929.914490500174,5.8063485860948525,23.230263457103092,33.50476406812405,31.0,16.0,255.79568439436028,1352.934290926506,9.0,7.0,10.0,20.0,3.0,1421.6732883497837,1180.013209694257,November,Musician,Standard,Yes
35.0,229.58364425053878,20656.92989641148,10.66010311821032,23.764962051165014,25.805947448816255,12.0,31.0,123.46418232326232,2116.6483712838008,3.0,6.0,3.0,10.0,3.0,2184.5011814543877,3012.3157856628195,November,Doctor,Bad,No
23.0,377.9214919867699,38995.58994066046,13.33863920085529,16.165441673646853,36.438912113152035,53.0,20.0,213.80914587725377,3663.497458764404,10.0,8.0,12.0,19.0,4.0,1287.3740947161762,287.15869444756567,December,Developer,Standard,Yes
32.0,70.5547227115763,33725.86277998263,5.845201508325907,31.53280551527257,38.09401881984955,1.0,10.0,685.7948032039403,3321.5905956396523,4.0,5.0,7.0,5.0,2.0,490.08627177290253,49.81224028245728,September,Lawyer,Bad,No
35.0,19.894573328450925,26229.297981517488,5.750252323957824,22.43668981250737,35.90348197400153,41.0,16.0,389.10920791410615,1787.5074149085128,6.0,4.0,11.0,16.0,2.0,293.163232013487,3521.4343777838144,November,Musician,Standard,Yes
20.0,294.92424709666165,26215.772604682177,9.295088650166658,14.775582243513838,36.085246161139544,20.0,17.0,473.8951646169793,3253.8627057860663,4.0,6.0,15.0,9.0,1.0,4520.970781493898,37.091376381950425,December,Entrepreneur,Standard,Yes
50.0,313.293656411243,59400.20980408875,2.2993767170788963,25.0612006913874,39.62795209798291,8.0,4.0,720.6608104627584,4002.1893753927525,9.0,5.0,5.0,15.0,2.0,225.8903047269512,224.74538753868399,December,Media_Manager,Bad,No
27.0,181.32814886835976,64891.002222657175,16.13711575094334,7.8293316208300325,35.436222366648025,48.0,17.0,389.40434751156056,3981.9301962066984,5.0,7.0,10.0,16.0,3.0,2274.617609704095,313.4793317970568,October,Accountant,Standard,Yes
33.0,259.89070065187457,36348.166983718795,12.469254420045804,14.947307860225749,26.723068023152393,8.0,14.0,293.0792389052384,3606.931170628906,6.0,8.0,39.0,17.0,2.0,1516.5308599739324,56.43521694045292,October,Mechanic,Good,No
51.0,247.59613746031738,148406.00583958495,-4.7661485073194605,7.298325604724852,36.87970675388486,5.0,3.0,596.0182290365267,6363.435404424833,1.0,2.0,3.0,4.0,2.0,463.6946995341508,68.73840299497193,September,Musician,Bad,NM
41.0,292.0893299441005,64563.325318458505,20.112227060750005,27.234500895107942,45.83781296335532,26.0,8.0,257.82170113010295,2951.929991096736,10.0,5.0,7.0,9.0,3.0,1284.967273254386,182.74488446968275,December,Writer,Standard,Yes
25.0,468.7059926841873,62396.28413435006,-2.0669893826618075,31.724112821216806,28.067970880730407,9.0,2.0,484.17490038598146,7921.750726554456,5.0,4.0,3.0,9.0,0.0,397.4392668515774,1714.4132725809334,September,Media_Manager,Bad,NM
27.0,334.4326098538064,187458.56527281663,18.94181905987499,22.125940298727073,33.37065919879838,4.0,21.0,372.3608075567513,5712.648892764923,3.0,4.0,9.0,20.0,0.0,491.78962146447105,184.01248051305996,November,Writer,Good,No
24.0,67.77164250416348,35291.78581077273,10.162596761520849,26.08825439178088,35.06958678956719,22.0,10.0,455.44814955209927,2682.6910259776973,3.0,3.0,8.0,8.0,4.0,651.4248099095769,202.1847356746639,September,Architect,Good,No
