Age,Age Group,Call Failure,Charge Amount,Churn,Complains,Customer Value,Distinct Called Numbers,Frequency of SMS,Frequency of use,Seconds of Use,Status,Subscription Length,Tariff Plan
40.0,4.0,0.0,0.0,0.0,0.0,148.02953939520165,1.0,29.0,96.0,902.0,1.0,13.0,1.0
22.0,2.0,0.0,0.0,0.0,0.0,188.49618367046966,10.0,39.0,17.0,117.0,1.0,26.0,1.0
27.0,3.0,3.0,1.0,0.0,0.0,896.2155022794692,17.0,146.0,54.0,1750.0,1.0,35.0,2.0
23.0,2.0,7.0,4.0,0.0,0.0,158.39735966519922,18.0,7.0,63.0,2464.0,1.0,34.0,1.0
24.0,2.0,4.0,0.0,0.0,0.0,87.61872619983862,19.0,0.0,84.0,4906.0,1.0,26.0,1.0
38.0,4.0,8.0,3.0,0.0,1.0,55.37294212914663,25.0,17.0,82.0,3981.0,1.0,30.0,1.0
35.0,3.0,3.0,1.0,0.0,0.0,355.1522150208242,28.0,20.0,96.0,4402.0,1.0,40.0,1.0
24.0,2.0,1.0,2.0,0.0,0.0,440.7485117856862,16.0,2.0,121.0,7765.0,1.0,33.0,1.0
23.0,2.0,0.0,0.0,0.0,1.0,373.4303079494111,14.0,65.0,64.0,1441.0,1.0,31.0,1.0
34.0,3.0,1.0,0.0,0.0,0.0,20.86338834906622,34.0,0.0,97.0,4173.0,1.0,24.0,1.0
26.0,2.0,0.0,0.0,0.0,0.0,10.49543544979808,12.0,0.0,1.0,256.0,1.0,30.0,1.0
32.0,3.0,10.0,1.0,0.0,0.0,97.31940929429545,26.0,2.0,89.0,1972.0,1.0,45.0,1.0
39.0,4.0,4.0,0.0,0.0,0.0,267.6653182310675,44.0,161.0,62.0,1763.0,1.0,34.0,1.0
29.0,3.0,1.0,0.0,0.0,0.0,46.03361649341841,8.0,7.0,49.0,2960.0,1.0,29.0,1.0
39.0,4.0,3.0,4.0,0.0,0.0,1327.3163320099425,40.0,104.0,140.0,14439.0,1.0,42.0,2.0
23.0,2.0,1.0,0.0,0.0,0.0,0.9619139713577906,11.0,0.0,95.0,408.0,1.0,33.0,1.0
31.0,3.0,0.0,0.0,0.0,0.0,292.8032564301018,15.0,30.0,30.0,2457.0,1.0,29.0,1.0
40.0,4.0,1.0,3.0,0.0,0.0,566.745273053809,26.0,148.0,48.0,2308.0,1.0,22.0,1.0
20.0,2.0,0.0,0.0,0.0,0.0,65.77188471332173,6.0,7.0,19.0,1060.0,1.0,26.0,1.0
31.0,3.0,0.0,0.0,0.0,0.0,108.32053189836381,22.0,6.0,48.0,653.0,1.0,34.0,1.0
24.0,2.0,12.0,0.0,0.0,1.0,8.120434153930356,13.0,1.0,104.0,2787.0,1.0,36.0,1.0
18.0,1.0,1.0,0.0,0.0,1.0,459.9220402748814,9.0,11.0,19.0,1265.0,1.0,40.0,1.0
22.0,2.0,0.0,0.0,0.0,0.0,535.8452079333152,6.0,42.0,27.0,3630.0,1.0,12.0,1.0
35.0,3.0,8.0,9.0,0.0,0.0,576.216527306296,20.0,72.0,108.0,6438.0,1.0,47.0,1.0
25.0,2.0,2.0,0.0,0.0,0.0,149.74160838470837,36.0,43.0,80.0,2147.0,1.0,30.0,1.0
26.0,2.0,5.0,1.0,0.0,0.0,1044.691178761595,20.0,10.0,149.0,13664.0,1.0,27.0,1.0
38.0,4.0,3.0,1.0,0.0,0.0,717.9202709304208,29.0,84.0,83.0,5636.0,1.0,32.0,1.0
22.0,2.0,24.0,2.0,0.0,0.0,42.17522357836435,9.0,82.0,33.0,220.0,1.0,30.0,1.0
40.0,4.0,21.0,6.0,1.0,0.0,1201.8701381528394,85.0,44.0,146.0,16204.0,1.0,34.0,1.0
32.0,3.0,1.0,1.0,0.0,0.0,381.63663345661615,10.0,65.0,72.0,4105.0,1.0,34.0,1.0
40.0,4.0,1.0,0.0,0.0,0.0,184.1503486013978,12.0,45.0,7.0,335.0,1.0,31.0,1.0
31.0,3.0,0.0,1.0,0.0,0.0,131.60277175382885,39.0,18.0,66.0,2145.0,1.0,28.0,1.0
19.0,2.0,5.0,2.0,0.0,0.0,64.64097819839075,15.0,7.0,72.0,3704.0,1.0,39.0,1.0
30.0,3.0,0.0,0.0,0.0,0.0,66.22584735572768,13.0,7.0,77.0,2743.0,1.0,23.0,1.0
29.0,3.0,0.0,0.0,0.0,1.0,132.22274333248436,16.0,14.0,39.0,355.0,1.0,26.0,1.0
27.0,3.0,2.0,0.0,0.0,1.0,1689.4189047570082,29.0,142.0,197.0,14122.0,1.0,32.0,1.0
32.0,3.0,4.0,1.0,0.0,0.0,58.19830620085174,39.0,16.0,46.0,746.0,1.0,44.0,1.0
23.0,2.0,5.0,0.0,0.0,1.0,574.7750596944632,28.0,31.0,75.0,2504.0,1.0,33.0,1.0
19.0,2.0,1.0,1.0,0.0,0.0,77.59091634195501,3.0,2.0,23.0,695.0,1.0,20.0,1.0
33.0,3.0,0.0,0.0,0.0,0.0,0.6160065271601318,13.0,0.0,12.0,1136.0,1.0,34.0,1.0
40.0,4.0,0.0,0.0,0.0,0.0,26.755333970268182,10.0,0.0,42.0,3479.0,1.0,21.0,1.0
31.0,3.0,5.0,0.0,0.0,1.0,190.68525086391028,71.0,23.0,127.0,2151.0,1.0,35.0,1.0
37.0,4.0,2.0,0.0,0.0,1.0,1048.5672605824032,14.0,110.0,36.0,3986.0,1.0,42.0,1.0
28.0,3.0,5.0,5.0,0.0,0.0,1670.2170097960675,34.0,112.0,137.0,12067.0,1.0,33.0,1.0
47.0,4.0,0.0,0.0,0.0,0.0,50.0739044556514,9.0,5.0,5.0,604.0,1.0,29.0,1.0
32.0,3.0,2.0,0.0,0.0,0.0,557.6210071545742,25.0,143.0,89.0,5036.0,1.0,26.0,2.0
20.0,2.0,7.0,3.0,0.0,0.0,835.0732618270605,44.0,76.0,143.0,12282.0,1.0,30.0,1.0
21.0,2.0,1.0,0.0,0.0,0.0,14.689964915931258,20.0,0.0,54.0,842.0,1.0,40.0,1.0
48.0,5.0,3.0,0.0,0.0,0.0,594.1484272575301,20.0,38.0,107.0,9354.0,1.0,45.0,1.0
17.0,1.0,0.0,4.0,0.0,0.0,24.104339366828906,15.0,16.0,200.0,328.0,1.0,34.0,1.0
44.0,4.0,4.0,1.0,0.0,0.0,81.72979248470129,13.0,96.0,30.0,889.0,1.0,41.0,2.0
25.0,2.0,0.0,0.0,0.0,0.0,20.569969033166316,8.0,2.0,61.0,3333.0,1.0,39.0,1.0
25.0,2.0,18.0,9.0,0.0,0.0,557.4065164664228,16.0,11.0,91.0,9030.0,1.0,32.0,1.0
38.0,4.0,8.0,0.0,0.0,0.0,464.2390294515135,40.0,161.0,84.0,4048.0,1.0,30.0,1.0
35.0,3.0,13.0,0.0,0.0,1.0,615.8037672865474,53.0,39.0,152.0,10146.0,1.0,47.0,1.0
30.0,3.0,2.0,2.0,0.0,0.0,54.895179347985035,24.0,3.0,17.0,1134.0,1.0,35.0,1.0
28.0,3.0,0.0,0.0,0.0,1.0,723.8736885326415,23.0,69.0,134.0,10439.0,2.0,26.0,2.0
34.0,3.0,3.0,1.0,0.0,0.0,863.9826079017939,29.0,108.0,107.0,6106.0,1.0,40.0,2.0
28.0,3.0,10.0,3.0,0.0,0.0,222.88304618152014,56.0,4.0,150.0,11192.0,1.0,33.0,1.0
25.0,2.0,6.0,0.0,0.0,1.0,20.040217217199835,42.0,17.0,96.0,3644.0,1.0,44.0,1.0
26.0,2.0,0.0,1.0,0.0,0.0,57.60596372515191,4.0,1.0,44.0,1630.0,1.0,40.0,1.0
30.0,3.0,1.0,0.0,0.0,1.0,743.1601943177352,20.0,199.0,104.0,6069.0,1.0,23.0,1.0
16.0,3.0,7.0,0.0,0.0,0.0,50.46035189407595,6.0,1.0,45.0,1954.0,1.0,36.0,1.0
29.0,3.0,0.0,0.0,0.0,0.0,419.4342324668633,18.0,0.0,108.0,8419.0,1.0,27.0,1.0
24.0,2.0,7.0,0.0,0.0,0.0,76.03448962322744,31.0,0.0,134.0,9124.0,1.0,40.0,1.0
35.0,3.0,3.0,1.0,0.0,0.0,545.8340800664503,23.0,59.0,114.0,5875.0,1.0,26.0,1.0
24.0,2.0,0.0,0.0,0.0,0.0,233.66932714186524,7.0,20.0,32.0,728.0,1.0,22.0,1.0
43.0,4.0,7.0,3.0,0.0,1.0,410.60500886418356,23.0,19.0,90.0,8013.0,1.0,37.0,1.0
23.0,2.0,1.0,0.0,0.0,0.0,216.85719276567187,26.0,24.0,70.0,2298.0,1.0,36.0,1.0
41.0,4.0,0.0,0.0,0.0,0.0,255.96995428199511,29.0,13.0,68.0,2957.0,1.0,24.0,1.0
36.0,3.0,0.0,0.0,0.0,1.0,10.714992901993122,27.0,1.0,93.0,165.0,1.0,35.0,1.0
25.0,2.0,0.0,0.0,0.0,1.0,200.00994011071066,24.0,33.0,48.0,840.0,1.0,41.0,1.0
23.0,2.0,4.0,1.0,0.0,1.0,325.1604224199088,23.0,56.0,138.0,7876.0,1.0,34.0,2.0
28.0,3.0,1.0,0.0,0.0,1.0,91.87984395350801,7.0,3.0,20.0,2495.0,1.0,38.0,1.0
20.0,2.0,0.0,0.0,0.0,0.0,179.79482796969208,25.0,6.0,65.0,2822.0,1.0,28.0,1.0
16.0,2.0,7.0,1.0,0.0,1.0,63.63040881052107,14.0,33.0,8.0,162.0,1.0,33.0,1.0
20.0,2.0,0.0,0.0,0.0,0.0,136.09878766234328,27.0,11.0,62.0,2687.0,1.0,42.0,1.0
17.0,1.0,0.0,0.0,0.0,0.0,45.71397457392824,6.0,24.0,228.0,32.0,1.0,36.0,1.0
23.0,2.0,1.0,0.0,0.0,0.0,50.77884911816752,12.0,1.0,2.0,503.0,1.0,26.0,1.0
46.0,4.0,0.0,1.0,0.0,0.0,266.5064060211323,19.0,13.0,68.0,4560.0,1.0,21.0,1.0
49.0,5.0,0.0,0.0,0.0,0.0,75.03442417743513,16.0,44.0,73.0,2189.0,1.0,33.0,1.0
28.0,3.0,1.0,3.0,0.0,0.0,749.055788886188,20.0,118.0,67.0,5825.0,1.0,31.0,1.0
33.0,3.0,1.0,0.0,0.0,0.0,2.19933575926863,24.0,0.0,132.0,6335.0,1.0,6.0,1.0
36.0,3.0,0.0,0.0,0.0,0.0,295.2897071708354,11.0,22.0,14.0,1134.0,1.0,36.0,1.0
26.0,2.0,3.0,4.0,0.0,0.0,937.482328285548,19.0,455.0,58.0,3607.0,1.0,37.0,1.0
43.0,4.0,1.0,0.0,0.0,1.0,303.6538437894063,22.0,19.0,103.0,3470.0,1.0,42.0,1.0
31.0,3.0,0.0,2.0,0.0,0.0,1127.2873359107386,31.0,113.0,94.0,7675.0,1.0,39.0,1.0
23.0,2.0,3.0,4.0,0.0,0.0,228.02499225270452,25.0,58.0,76.0,5409.0,1.0,27.0,1.0
20.0,2.0,0.0,0.0,0.0,0.0,198.1501951927575,2.0,5.0,8.0,1336.0,1.0,29.0,1.0
39.0,4.0,2.0,0.0,0.0,0.0,212.67573725811906,14.0,19.0,69.0,3632.0,1.0,29.0,1.0
28.0,3.0,3.0,1.0,0.0,1.0,749.36875475912,84.0,33.0,230.0,471.0,1.0,36.0,1.0
32.0,3.0,1.0,0.0,0.0,0.0,87.17510915045997,3.0,58.0,15.0,145.0,1.0,34.0,1.0
26.0,2.0,22.0,6.0,0.0,1.0,1565.7858299664433,76.0,55.0,182.0,5308.0,1.0,30.0,1.0
33.0,3.0,13.0,3.0,0.0,1.0,207.43421995144635,21.0,9.0,45.0,3150.0,1.0,37.0,1.0
24.0,2.0,1.0,0.0,0.0,0.0,30.260128976192213,8.0,2.0,6.0,744.0,1.0,36.0,1.0
16.0,4.0,3.0,1.0,0.0,0.0,475.6907892591011,24.0,101.0,99.0,5291.0,1.0,24.0,1.0
30.0,3.0,0.0,0.0,0.0,0.0,14.33460689013581,10.0,0.0,152.0,486.0,1.0,34.0,1.0
29.0,3.0,0.0,1.0,0.0,0.0,16.872808148475908,8.0,0.0,13.0,1488.0,1.0,30.0,1.0
31.0,3.0,3.0,1.0,0.0,0.0,36.1446821503241,18.0,0.0,133.0,3246.0,1.0,46.0,1.0
19.0,1.0,5.0,0.0,0.0,1.0,602.7820579615958,34.0,26.0,125.0,8211.0,1.0,31.0,1.0
24.0,2.0,18.0,1.0,0.0,0.0,0.0257107853087545,30.0,1.0,54.0,626.0,1.0,35.0,1.0
28.0,3.0,2.0,0.0,0.0,0.0,918.5169410202633,50.0,418.0,108.0,8843.0,1.0,27.0,1.0
30.0,3.0,14.0,4.0,0.0,1.0,539.4616872123042,41.0,217.0,119.0,4349.0,1.0,42.0,1.0
28.0,3.0,18.0,1.0,1.0,0.0,938.0816692448569,30.0,215.0,148.0,6027.0,1.0,41.0,1.0
27.0,3.0,6.0,1.0,0.0,0.0,68.85580654311467,19.0,19.0,25.0,539.0,1.0,42.0,1.0
23.0,2.0,3.0,0.0,0.0,0.0,643.8720871325487,47.0,126.0,79.0,2368.0,1.0,39.0,1.0
31.0,3.0,1.0,1.0,0.0,0.0,2033.6617094647208,58.0,108.0,220.0,11701.0,1.0,20.0,2.0
32.0,3.0,0.0,2.0,0.0,0.0,497.2151083692516,28.0,138.0,114.0,5808.0,1.0,32.0,1.0
21.0,2.0,1.0,2.0,0.0,0.0,43.156448402932,10.0,2.0,38.0,1057.0,1.0,18.0,1.0
33.0,3.0,2.0,0.0,0.0,0.0,610.8634271238936,51.0,33.0,130.0,5278.0,1.0,25.0,1.0
45.0,4.0,5.0,0.0,0.0,0.0,8.27631369842455,37.0,3.0,81.0,2080.0,1.0,30.0,1.0
32.0,3.0,0.0,0.0,0.0,0.0,2.190769408784452,4.0,1.0,161.0,294.0,1.0,34.0,1.0
35.0,3.0,15.0,2.0,0.0,0.0,210.5308103358851,18.0,6.0,121.0,5777.0,1.0,38.0,1.0
27.0,3.0,2.0,0.0,0.0,0.0,585.7094643539934,11.0,45.0,70.0,2561.0,1.0,29.0,1.0
33.0,3.0,4.0,0.0,0.0,0.0,29.778676857559464,21.0,9.0,85.0,2033.0,1.0,37.0,1.0
19.0,2.0,0.0,0.0,0.0,0.0,6.582040894246044,2.0,0.0,252.0,27.0,1.0,20.0,1.0
40.0,4.0,8.0,1.0,0.0,0.0,1122.3110285361934,11.0,88.0,120.0,4161.0,1.0,44.0,2.0
28.0,3.0,1.0,2.0,0.0,0.0,7.347247877094151,6.0,1.0,240.0,35.0,1.0,25.0,1.0
22.0,2.0,10.0,1.0,0.0,1.0,84.16143084685693,42.0,7.0,71.0,2300.0,1.0,44.0,1.0
30.0,3.0,7.0,0.0,0.0,0.0,13.180156979951493,26.0,0.0,84.0,4313.0,1.0,20.0,1.0
24.0,2.0,1.0,0.0,0.0,1.0,1239.8038319954142,29.0,114.0,29.0,1407.0,1.0,28.0,1.0
39.0,4.0,3.0,1.0,0.0,0.0,161.67503840213473,30.0,55.0,25.0,868.0,1.0,36.0,1.0
34.0,3.0,2.0,0.0,0.0,0.0,64.10725149706789,13.0,0.0,84.0,8338.0,1.0,38.0,1.0
23.0,2.0,0.0,5.0,0.0,0.0,409.05864508560273,17.0,1.0,105.0,15476.0,1.0,29.0,1.0
39.0,4.0,11.0,2.0,0.0,0.0,1225.184325224009,57.0,15.0,189.0,10657.0,1.0,31.0,1.0
46.0,4.0,0.0,0.0,0.0,0.0,570.9338605642237,44.0,32.0,140.0,8923.0,1.0,28.0,1.0
34.0,3.0,3.0,0.0,0.0,1.0,804.3132876771813,10.0,168.0,27.0,4042.0,1.0,28.0,1.0
27.0,3.0,4.0,1.0,1.0,0.0,13.03744450110606,9.0,11.0,17.0,1088.0,1.0,43.0,1.0
21.0,2.0,21.0,3.0,0.0,0.0,181.88229988361013,9.0,7.0,114.0,4600.0,1.0,41.0,2.0
27.0,3.0,3.0,1.0,0.0,0.0,19.97300610008741,9.0,2.0,26.0,1142.0,1.0,34.0,1.0
30.0,3.0,20.0,1.0,0.0,0.0,250.84554986411374,63.0,55.0,153.0,6087.0,1.0,36.0,1.0
35.0,3.0,0.0,0.0,0.0,0.0,6.042338065863694,3.0,6.0,237.0,131.0,1.0,25.0,1.0
25.0,2.0,1.0,0.0,0.0,0.0,1171.4992724316328,21.0,119.0,54.0,2842.0,1.0,33.0,1.0
34.0,3.0,0.0,0.0,0.0,1.0,268.89484815028396,18.0,11.0,4.0,1019.0,1.0,38.0,1.0
28.0,3.0,1.0,0.0,0.0,1.0,47.29239703074881,9.0,4.0,11.0,624.0,1.0,42.0,1.0
38.0,4.0,1.0,1.0,0.0,0.0,608.8737675789612,62.0,128.0,142.0,10378.0,1.0,32.0,1.0
31.0,3.0,0.0,0.0,0.0,1.0,184.4858952825739,18.0,18.0,26.0,1564.0,1.0,43.0,1.0
43.0,4.0,1.0,0.0,0.0,1.0,18.74394466871132,3.0,3.0,234.0,1070.0,1.0,40.0,1.0
27.0,3.0,0.0,1.0,0.0,0.0,3.8845348001534905,4.0,5.0,32.0,2484.0,1.0,17.0,1.0
28.0,3.0,12.0,2.0,0.0,0.0,35.698274061040955,83.0,0.0,166.0,8810.0,1.0,30.0,1.0
36.0,3.0,14.0,6.0,0.0,0.0,177.38068482638045,55.0,0.0,143.0,10059.0,1.0,36.0,1.0
23.0,2.0,10.0,2.0,0.0,0.0,1636.5072539716416,41.0,168.0,133.0,13632.0,1.0,21.0,1.0
23.0,2.0,2.0,0.0,0.0,0.0,106.27763549942622,4.0,21.0,52.0,701.0,1.0,35.0,1.0
36.0,3.0,1.0,1.0,0.0,0.0,273.53433784474294,47.0,11.0,93.0,6737.0,1.0,37.0,1.0
39.0,4.0,8.0,0.0,0.0,0.0,38.25860870040727,44.0,0.0,133.0,8043.0,1.0,31.0,1.0
31.0,3.0,7.0,5.0,0.0,0.0,1404.474109161772,75.0,71.0,187.0,9386.0,1.0,35.0,1.0
25.0,2.0,1.0,0.0,0.0,0.0,73.96447858948885,5.0,19.0,4.0,1253.0,1.0,24.0,1.0
26.0,2.0,0.0,0.0,0.0,0.0,1.9759805865494668,5.0,0.0,145.0,491.0,1.0,36.0,1.0
28.0,3.0,3.0,0.0,0.0,0.0,419.4122637104965,14.0,15.0,79.0,3819.0,1.0,29.0,1.0
39.0,3.0,1.0,0.0,0.0,0.0,259.0975996737649,28.0,6.0,112.0,6642.0,1.0,36.0,1.0
33.0,3.0,0.0,0.0,1.0,0.0,837.6563181129409,39.0,139.0,118.0,6564.0,1.0,35.0,1.0
33.0,3.0,1.0,0.0,0.0,0.0,104.38194746661345,8.0,10.0,37.0,1032.0,1.0,40.0,1.0
25.0,2.0,0.0,0.0,0.0,0.0,56.97707979215683,6.0,8.0,134.0,9.0,1.0,29.0,1.0
23.0,2.0,6.0,0.0,0.0,0.0,218.0573463394998,12.0,82.0,229.0,384.0,1.0,25.0,1.0
25.0,2.0,6.0,10.0,0.0,0.0,714.1951649617403,33.0,25.0,169.0,8849.0,1.0,13.0,1.0
31.0,3.0,2.0,1.0,0.0,1.0,468.90292884810634,37.0,125.0,75.0,1243.0,1.0,36.0,1.0
22.0,2.0,0.0,0.0,0.0,0.0,2.745261134330762,4.0,1.0,39.0,390.0,1.0,20.0,1.0
49.0,5.0,0.0,0.0,0.0,0.0,42.421647446744956,11.0,0.0,56.0,3396.0,1.0,25.0,1.0
29.0,3.0,0.0,0.0,0.0,1.0,87.46689386859275,36.0,0.0,84.0,6952.0,1.0,35.0,1.0
25.0,2.0,8.0,2.0,0.0,1.0,944.731648952595,46.0,105.0,92.0,3727.0,1.0,37.0,1.0
36.0,3.0,3.0,1.0,0.0,0.0,128.586843877162,10.0,1.0,64.0,2385.0,1.0,39.0,1.0
26.0,2.0,1.0,0.0,0.0,0.0,54.8145693756409,21.0,0.0,37.0,2466.0,1.0,25.0,1.0
53.0,5.0,2.0,0.0,0.0,0.0,355.4762311919992,66.0,21.0,151.0,9674.0,1.0,38.0,1.0
35.0,3.0,0.0,0.0,0.0,0.0,1182.9212413678451,11.0,279.0,66.0,3130.0,1.0,35.0,1.0
30.0,3.0,3.0,0.0,0.0,1.0,378.7712757357304,33.0,6.0,144.0,8968.0,1.0,42.0,1.0
41.0,4.0,10.0,6.0,0.0,1.0,1228.538753973998,48.0,179.0,129.0,9219.0,1.0,32.0,1.0
31.0,3.0,1.0,0.0,0.0,0.0,334.99628129957915,9.0,68.0,73.0,182.0,1.0,20.0,1.0
28.0,3.0,3.0,0.0,0.0,1.0,54.95694468485309,19.0,0.0,124.0,6943.0,1.0,31.0,1.0
31.0,3.0,11.0,1.0,0.0,0.0,133.84659410344872,18.0,6.0,67.0,2813.0,1.0,41.0,1.0
35.0,3.0,13.0,5.0,0.0,1.0,883.9198018628595,49.0,33.0,175.0,2694.0,1.0,31.0,1.0
43.0,4.0,1.0,2.0,0.0,0.0,384.2560770182962,18.0,27.0,98.0,4831.0,1.0,42.0,1.0
40.0,4.0,4.0,1.0,0.0,0.0,272.82395682344696,39.0,31.0,83.0,2933.0,1.0,37.0,1.0
23.0,2.0,0.0,0.0,0.0,0.0,144.42218859447533,1.0,1.0,21.0,1431.0,1.0,21.0,1.0
17.0,1.0,1.0,2.0,0.0,0.0,99.72022283582918,10.0,20.0,39.0,17.0,1.0,40.0,1.0
43.0,4.0,8.0,0.0,0.0,0.0,142.84901123438377,12.0,29.0,44.0,963.0,1.0,38.0,1.0
20.0,2.0,1.0,0.0,0.0,0.0,198.73905749532716,10.0,23.0,40.0,700.0,1.0,33.0,1.0
35.0,3.0,0.0,0.0,0.0,0.0,153.76062904293443,9.0,4.0,28.0,1199.0,1.0,38.0,1.0
19.0,2.0,0.0,0.0,0.0,0.0,12.187342785216684,20.0,3.0,67.0,62.0,1.0,30.0,1.0
41.0,4.0,2.0,1.0,0.0,0.0,26.829681997613314,24.0,20.0,62.0,3083.0,1.0,29.0,1.0
37.0,4.0,15.0,2.0,0.0,0.0,154.95462345178913,40.0,18.0,112.0,2802.0,1.0,5.0,1.0
30.0,3.0,30.0,2.0,0.0,0.0,282.69920376863286,16.0,9.0,130.0,4197.0,1.0,42.0,1.0
39.0,4.0,4.0,2.0,0.0,0.0,515.4894884392414,16.0,21.0,60.0,4073.0,1.0,32.0,1.0
23.0,2.0,1.0,0.0,0.0,1.0,308.05235678847737,21.0,8.0,32.0,2532.0,1.0,24.0,1.0
35.0,3.0,4.0,1.0,0.0,0.0,443.6107227738646,40.0,67.0,159.0,7044.0,1.0,14.0,1.0
28.0,3.0,0.0,0.0,0.0,1.0,1.5164291236102199,17.0,3.0,41.0,3939.0,1.0,32.0,1.0
20.0,2.0,11.0,1.0,0.0,1.0,464.40490789155416,36.0,25.0,69.0,2251.0,1.0,26.0,1.0
27.0,3.0,1.0,0.0,0.0,0.0,954.8315009615777,47.0,241.0,155.0,13721.0,1.0,39.0,1.0
42.0,4.0,2.0,0.0,0.0,0.0,58.26335964164457,62.0,0.0,94.0,4940.0,1.0,32.0,1.0
32.0,3.0,1.0,1.0,0.0,0.0,0.3019784273773526,12.0,0.0,47.0,923.0,1.0,28.0,1.0
20.0,2.0,1.0,0.0,0.0,0.0,429.6918515012658,17.0,4.0,81.0,2649.0,1.0,28.0,1.0
25.0,2.0,4.0,7.0,0.0,0.0,43.81198476495113,11.0,15.0,65.0,1977.0,1.0,31.0,1.0
37.0,4.0,9.0,0.0,0.0,0.0,611.8680328661945,16.0,125.0,74.0,4957.0,1.0,34.0,1.0
34.0,3.0,2.0,1.0,0.0,0.0,447.5766035761515,16.0,1.0,101.0,5417.0,1.0,25.0,1.0
26.0,2.0,1.0,0.0,0.0,1.0,735.0723796038818,25.0,49.0,73.0,4495.0,1.0,26.0,1.0
27.0,3.0,1.0,0.0,0.0,0.0,157.22717335289508,31.0,15.0,126.0,3654.0,1.0,36.0,1.0
31.0,3.0,3.0,1.0,0.0,0.0,570.4274919734752,28.0,18.0,69.0,3219.0,1.0,25.0,1.0
33.0,2.0,0.0,0.0,0.0,0.0,174.2694911645719,11.0,30.0,35.0,4065.0,1.0,24.0,1.0
21.0,2.0,2.0,1.0,0.0,0.0,143.243088542538,3.0,2.0,69.0,4401.0,1.0,34.0,1.0
16.0,5.0,1.0,0.0,0.0,0.0,16.181631589953682,2.0,0.0,31.0,354.0,1.0,41.0,1.0
31.0,3.0,1.0,0.0,0.0,1.0,412.1381390419306,17.0,34.0,68.0,2150.0,1.0,24.0,2.0
25.0,2.0,0.0,0.0,0.0,0.0,619.5318476330148,9.0,53.0,8.0,1498.0,1.0,31.0,1.0
35.0,3.0,1.0,0.0,0.0,1.0,279.013068916934,15.0,11.0,35.0,2339.0,1.0,24.0,1.0
37.0,4.0,3.0,0.0,0.0,0.0,407.35647606484514,24.0,39.0,101.0,4323.0,1.0,36.0,1.0
47.0,4.0,1.0,2.0,0.0,0.0,302.6416326261137,15.0,7.0,125.0,15000.0,1.0,23.0,1.0
22.0,4.0,20.0,2.0,0.0,0.0,568.1256404840369,30.0,38.0,136.0,10549.0,1.0,33.0,2.0
28.0,3.0,19.0,2.0,0.0,0.0,538.1520702047073,36.0,17.0,156.0,7181.0,1.0,41.0,2.0
39.0,4.0,2.0,2.0,0.0,1.0,531.3408709290566,17.0,182.0,57.0,5636.0,1.0,39.0,1.0
28.0,3.0,5.0,0.0,0.0,0.0,90.17783025909249,12.0,1.0,78.0,3686.0,1.0,26.0,1.0
36.0,3.0,0.0,2.0,0.0,0.0,1012.325616785824,10.0,29.0,122.0,15644.0,1.0,36.0,1.0
34.0,3.0,12.0,1.0,0.0,0.0,368.0525928176225,27.0,46.0,71.0,3704.0,1.0,47.0,1.0
39.0,4.0,1.0,0.0,0.0,0.0,105.54869632344166,35.0,0.0,119.0,7005.0,1.0,24.0,1.0
25.0,2.0,1.0,0.0,0.0,0.0,189.1053727703012,11.0,28.0,20.0,1557.0,1.0,36.0,1.0
28.0,3.0,0.0,0.0,0.0,0.0,315.43318169351227,10.0,12.0,73.0,2042.0,1.0,29.0,1.0
36.0,3.0,0.0,0.0,0.0,0.0,478.65738240321605,22.0,61.0,38.0,2134.0,1.0,46.0,1.0
19.0,1.0,1.0,3.0,0.0,0.0,433.7621877353832,17.0,183.0,15.0,594.0,1.0,36.0,1.0
18.0,1.0,1.0,0.0,0.0,0.0,79.51110293290624,11.0,17.0,13.0,1085.0,1.0,36.0,1.0
37.0,4.0,0.0,1.0,0.0,0.0,651.3722485031316,23.0,85.0,65.0,2595.0,1.0,20.0,1.0
32.0,3.0,13.0,3.0,0.0,0.0,1232.5292273279233,42.0,186.0,134.0,9081.0,1.0,42.0,1.0
36.0,3.0,4.0,3.0,0.0,1.0,1370.641923878144,34.0,104.0,132.0,8271.0,1.0,37.0,2.0
21.0,2.0,6.0,2.0,0.0,0.0,250.68613122371596,38.0,1.0,147.0,12345.0,1.0,37.0,1.0
38.0,4.0,0.0,0.0,0.0,0.0,149.35011680751924,23.0,17.0,8.0,2635.0,1.0,32.0,1.0
26.0,2.0,1.0,1.0,0.0,1.0,133.93968780604467,11.0,8.0,8.0,1795.0,1.0,44.0,1.0
38.0,4.0,0.0,0.0,0.0,0.0,222.66880371341824,32.0,24.0,28.0,2982.0,1.0,30.0,1.0
30.0,3.0,0.0,0.0,0.0,0.0,115.1215021288138,27.0,32.0,62.0,581.0,1.0,14.0,1.0
35.0,3.0,1.0,0.0,0.0,0.0,350.900641901356,20.0,14.0,99.0,13986.0,1.0,30.0,1.0
33.0,5.0,0.0,0.0,0.0,0.0,409.00818577381887,30.0,71.0,102.0,5289.0,1.0,27.0,2.0
25.0,2.0,6.0,3.0,0.0,1.0,2.1624587217226807,21.0,0.0,42.0,732.0,1.0,37.0,1.0
30.0,3.0,1.0,0.0,0.0,0.0,228.66052720113498,23.0,41.0,53.0,3120.0,1.0,28.0,1.0
32.0,3.0,1.0,1.0,0.0,0.0,770.7527476496366,18.0,355.0,34.0,785.0,1.0,27.0,1.0
33.0,3.0,3.0,4.0,0.0,0.0,541.6816688268326,48.0,34.0,160.0,10478.0,1.0,25.0,1.0
41.0,4.0,1.0,0.0,0.0,0.0,360.7826735207729,15.0,4.0,89.0,4258.0,1.0,27.0,2.0
32.0,3.0,13.0,1.0,1.0,1.0,235.14718676900375,24.0,28.0,115.0,7655.0,1.0,40.0,1.0
27.0,2.0,14.0,6.0,0.0,0.0,188.65494008824257,68.0,7.0,122.0,6472.0,1.0,35.0,1.0
29.0,3.0,4.0,1.0,0.0,0.0,247.6472671432289,20.0,33.0,119.0,5007.0,1.0,38.0,1.0
22.0,2.0,11.0,1.0,0.0,0.0,17.378901580988998,14.0,0.0,101.0,3198.0,1.0,30.0,1.0
24.0,2.0,2.0,1.0,0.0,0.0,591.148567124319,28.0,89.0,109.0,7459.0,1.0,28.0,1.0
25.0,2.0,1.0,0.0,0.0,0.0,153.73535323446796,15.0,6.0,37.0,715.0,1.0,20.0,1.0
36.0,3.0,0.0,0.0,0.0,0.0,55.06065444996402,6.0,16.0,250.0,340.0,1.0,42.0,1.0
30.0,3.0,9.0,2.0,0.0,0.0,323.3403563191061,42.0,84.0,174.0,8248.0,1.0,26.0,1.0
33.0,3.0,0.0,0.0,0.0,0.0,57.07557269967657,28.0,1.0,47.0,1788.0,1.0,31.0,1.0
28.0,3.0,1.0,0.0,0.0,0.0,54.11754051756387,10.0,0.0,61.0,1804.0,1.0,31.0,1.0
30.0,3.0,1.0,0.0,0.0,1.0,42.053637821458004,18.0,3.0,47.0,1139.0,1.0,35.0,1.0
29.0,3.0,11.0,2.0,0.0,1.0,21.439337770338447,21.0,3.0,75.0,3925.0,1.0,30.0,1.0
31.0,3.0,1.0,1.0,0.0,1.0,198.29159743346034,21.0,3.0,117.0,5811.0,1.0,32.0,1.0
33.0,3.0,0.0,0.0,0.0,0.0,349.78265782653284,6.0,95.0,54.0,836.0,1.0,25.0,1.0
23.0,2.0,0.0,0.0,0.0,0.0,249.4071767613815,53.0,15.0,89.0,3013.0,1.0,34.0,1.0
40.0,4.0,6.0,3.0,0.0,0.0,362.42451492551226,56.0,78.0,113.0,8795.0,1.0,41.0,1.0
23.0,2.0,4.0,1.0,0.0,0.0,847.7556342919399,18.0,82.0,104.0,7211.0,1.0,41.0,1.0
26.0,2.0,10.0,1.0,0.0,0.0,100.78793714044143,37.0,0.0,118.0,6993.0,1.0,39.0,1.0
26.0,2.0,1.0,0.0,0.0,1.0,1593.3326514407127,30.0,221.0,145.0,14374.0,1.0,42.0,1.0
34.0,3.0,1.0,0.0,0.0,0.0,251.51177919649876,16.0,41.0,129.0,3169.0,1.0,39.0,1.0
34.0,3.0,9.0,1.0,0.0,0.0,522.3686620802175,32.0,8.0,169.0,11772.0,1.0,29.0,1.0
26.0,2.0,0.0,0.0,0.0,0.0,199.52309081084366,19.0,5.0,50.0,1639.0,1.0,26.0,1.0
42.0,4.0,0.0,0.0,0.0,0.0,111.95199854595519,9.0,3.0,6.0,1819.0,1.0,23.0,1.0
19.0,1.0,1.0,3.0,0.0,0.0,120.38529973736031,4.0,2.0,81.0,2040.0,1.0,26.0,2.0
45.0,4.0,8.0,1.0,0.0,1.0,369.762806868004,37.0,60.0,126.0,5719.0,1.0,38.0,1.0
21.0,2.0,0.0,1.0,0.0,0.0,757.4310442623008,11.0,344.0,40.0,2570.0,1.0,36.0,1.0
29.0,3.0,1.0,0.0,0.0,0.0,171.28630448379917,62.0,8.0,97.0,4407.0,1.0,26.0,1.0
25.0,2.0,8.0,1.0,0.0,0.0,1801.9414809475509,42.0,171.0,200.0,14634.0,1.0,29.0,2.0
24.0,2.0,3.0,0.0,0.0,1.0,0.8221087892989051,15.0,1.0,30.0,1784.0,1.0,19.0,1.0
31.0,3.0,3.0,0.0,0.0,0.0,217.4363701687288,15.0,24.0,101.0,4995.0,1.0,33.0,1.0
42.0,4.0,1.0,0.0,0.0,0.0,166.55501809325415,33.0,15.0,71.0,1991.0,1.0,28.0,1.0
25.0,2.0,3.0,2.0,0.0,0.0,590.5727141303803,33.0,62.0,130.0,4138.0,1.0,34.0,1.0
18.0,1.0,2.0,0.0,0.0,0.0,252.53257104133684,13.0,5.0,117.0,3747.0,1.0,27.0,1.0
32.0,3.0,0.0,0.0,0.0,0.0,188.04959937845862,7.0,11.0,13.0,1251.0,1.0,28.0,1.0
28.0,3.0,1.0,0.0,0.0,1.0,90.44282469352835,3.0,4.0,50.0,2170.0,1.0,28.0,1.0
42.0,4.0,12.0,1.0,0.0,0.0,1491.1412082849386,64.0,483.0,147.0,7944.0,1.0,31.0,2.0
17.0,1.0,0.0,0.0,0.0,0.0,118.99410357458765,10.0,6.0,2.0,1785.0,1.0,24.0,1.0
35.0,3.0,2.0,1.0,0.0,0.0,1423.366031556996,44.0,65.0,200.0,9551.0,1.0,36.0,1.0
43.0,4.0,0.0,0.0,0.0,0.0,432.0570895174737,6.0,244.0,47.0,271.0,1.0,30.0,1.0
19.0,2.0,0.0,0.0,0.0,0.0,0.4835284208375166,0.0,1.0,0.0,102.0,1.0,26.0,1.0
48.0,5.0,4.0,0.0,0.0,0.0,129.12688785038708,24.0,45.0,207.0,1721.0,1.0,32.0,1.0
42.0,4.0,0.0,0.0,1.0,0.0,221.7955446439788,13.0,29.0,43.0,2372.0,1.0,38.0,1.0
28.0,3.0,4.0,1.0,0.0,0.0,40.441465675584126,17.0,13.0,230.0,130.0,1.0,40.0,1.0
26.0,2.0,0.0,0.0,0.0,0.0,28.926465892047517,18.0,4.0,28.0,1518.0,1.0,33.0,1.0
41.0,4.0,0.0,0.0,0.0,0.0,144.03513220530505,23.0,34.0,56.0,1850.0,1.0,24.0,1.0
33.0,3.0,0.0,0.0,0.0,0.0,110.35476450788696,14.0,10.0,63.0,1471.0,1.0,23.0,1.0
36.0,3.0,10.0,2.0,0.0,1.0,1279.6339149138616,49.0,123.0,121.0,7806.0,1.0,31.0,1.0
28.0,3.0,2.0,1.0,0.0,0.0,510.1546248818498,15.0,198.0,8.0,1054.0,1.0,36.0,1.0
25.0,2.0,1.0,0.0,0.0,0.0,6.307770979695894,14.0,0.0,66.0,1583.0,1.0,44.0,1.0
23.0,2.0,2.0,0.0,0.0,0.0,9.973831149733769,13.0,17.0,6.0,759.0,1.0,33.0,1.0
44.0,4.0,16.0,1.0,0.0,0.0,2151.494400226279,24.0,289.0,184.0,9473.0,1.0,32.0,1.0
26.0,2.0,1.0,0.0,0.0,0.0,50.45018891303788,8.0,2.0,64.0,2469.0,1.0,23.0,1.0
35.0,3.0,1.0,5.0,0.0,0.0,504.1974432911917,46.0,4.0,177.0,9446.0,1.0,30.0,1.0
26.0,2.0,0.0,0.0,0.0,0.0,12.992696443354378,25.0,0.0,80.0,2336.0,1.0,34.0,1.0
25.0,2.0,0.0,0.0,0.0,0.0,8.217703381428803,4.0,1.0,154.0,401.0,1.0,32.0,1.0
17.0,1.0,2.0,0.0,0.0,1.0,364.8664277790276,11.0,5.0,29.0,1486.0,1.0,26.0,1.0
37.0,4.0,21.0,2.0,0.0,1.0,275.536071106504,40.0,85.0,53.0,1819.0,1.0,44.0,2.0
46.0,4.0,10.0,1.0,0.0,0.0,101.50226177633319,87.0,16.0,62.0,1603.0,1.0,33.0,1.0
38.0,4.0,1.0,1.0,0.0,0.0,14.619562172400853,20.0,0.0,101.0,3036.0,1.0,41.0,1.0
19.0,1.0,1.0,0.0,0.0,0.0,46.41122037490756,5.0,5.0,98.0,899.0,1.0,39.0,1.0
45.0,4.0,5.0,2.0,0.0,0.0,428.0964681225436,26.0,29.0,77.0,7795.0,1.0,35.0,1.0
33.0,3.0,5.0,3.0,0.0,0.0,2055.193581784629,92.0,228.0,157.0,11241.0,1.0,34.0,2.0
24.0,2.0,18.0,2.0,0.0,0.0,577.1022413339908,36.0,52.0,160.0,5332.0,1.0,31.0,1.0
34.0,3.0,1.0,0.0,0.0,0.0,452.16509476021906,18.0,80.0,44.0,4858.0,1.0,46.0,1.0
28.0,3.0,2.0,2.0,0.0,0.0,343.00643636562813,20.0,35.0,50.0,2347.0,1.0,29.0,2.0
41.0,4.0,1.0,3.0,0.0,0.0,697.4092561849441,26.0,107.0,106.0,4818.0,1.0,38.0,1.0
24.0,2.0,9.0,2.0,0.0,1.0,704.8298639240106,21.0,162.0,171.0,6385.0,1.0,31.0,2.0
29.0,3.0,6.0,1.0,0.0,0.0,156.1279368868116,16.0,18.0,88.0,5706.0,1.0,29.0,1.0
33.0,3.0,0.0,0.0,0.0,1.0,9.977204118334566,3.0,0.0,94.0,287.0,1.0,30.0,1.0
23.0,2.0,0.0,0.0,0.0,0.0,277.6929391942027,2.0,1.0,28.0,1815.0,1.0,29.0,1.0
33.0,3.0,3.0,0.0,0.0,0.0,65.54699027897051,11.0,1.0,65.0,1425.0,1.0,35.0,1.0
40.0,4.0,2.0,0.0,0.0,0.0,45.772880369139784,50.0,24.0,72.0,2163.0,1.0,30.0,1.0
32.0,3.0,1.0,0.0,0.0,1.0,165.21244798457755,13.0,87.0,14.0,122.0,1.0,35.0,1.0
24.0,2.0,1.0,0.0,0.0,0.0,33.75444837189827,55.0,26.0,39.0,448.0,1.0,39.0,1.0
24.0,2.0,0.0,1.0,0.0,0.0,280.9947259475044,6.0,55.0,23.0,184.0,1.0,31.0,1.0
16.0,3.0,0.0,0.0,0.0,0.0,1751.9170099804053,31.0,105.0,141.0,11171.0,1.0,42.0,1.0
39.0,4.0,5.0,2.0,0.0,0.0,1860.9842273002766,44.0,187.0,138.0,16484.0,1.0,40.0,1.0
26.0,2.0,3.0,1.0,0.0,1.0,280.0448973072366,20.0,9.0,79.0,5605.0,1.0,22.0,1.0
35.0,3.0,21.0,8.0,0.0,0.0,1486.16552083589,73.0,305.0,175.0,12533.0,1.0,39.0,1.0
54.0,5.0,0.0,1.0,0.0,0.0,91.54933994030495,36.0,48.0,106.0,8263.0,1.0,46.0,1.0
28.0,3.0,7.0,1.0,0.0,0.0,50.11886255528745,11.0,7.0,61.0,1282.0,1.0,29.0,1.0
21.0,2.0,1.0,1.0,0.0,0.0,14.575944075091046,12.0,0.0,23.0,920.0,1.0,32.0,1.0
37.0,4.0,3.0,0.0,0.0,0.0,162.7116241747435,13.0,22.0,54.0,4628.0,1.0,37.0,1.0
23.0,2.0,1.0,0.0,0.0,0.0,546.5717708761595,41.0,28.0,140.0,15295.0,2.0,33.0,1.0
24.0,2.0,0.0,0.0,0.0,0.0,238.32909614033807,27.0,7.0,111.0,5485.0,1.0,30.0,1.0
27.0,3.0,3.0,0.0,0.0,0.0,124.77296258236917,39.0,8.0,93.0,2638.0,1.0,31.0,1.0
30.0,3.0,4.0,0.0,0.0,0.0,261.98588110058563,18.0,61.0,58.0,1847.0,1.0,47.0,2.0
34.0,3.0,0.0,0.0,0.0,0.0,12.074630772906978,11.0,0.0,169.0,320.0,1.0,21.0,1.0
35.0,3.0,11.0,2.0,0.0,0.0,377.9614110940694,40.0,6.0,109.0,9901.0,1.0,39.0,1.0
20.0,2.0,5.0,0.0,0.0,0.0,649.4204578990948,61.0,182.0,104.0,4615.0,1.0,28.0,1.0
29.0,3.0,9.0,0.0,0.0,0.0,934.0194548226546,79.0,60.0,178.0,11031.0,1.0,30.0,1.0
29.0,3.0,2.0,0.0,0.0,1.0,166.21389013221466,28.0,28.0,58.0,3062.0,1.0,32.0,1.0
40.0,4.0,0.0,0.0,0.0,0.0,164.34126664423604,13.0,19.0,43.0,3329.0,1.0,27.0,1.0
30.0,3.0,1.0,1.0,0.0,0.0,112.76085369952698,29.0,31.0,17.0,395.0,1.0,26.0,1.0
37.0,4.0,2.0,0.0,0.0,0.0,3.4738086008139675,19.0,0.0,54.0,2649.0,1.0,26.0,1.0
25.0,2.0,0.0,0.0,0.0,0.0,148.51297757039322,9.0,0.0,40.0,1506.0,1.0,40.0,1.0
26.0,2.0,1.0,1.0,0.0,0.0,96.52662376523209,45.0,0.0,125.0,13231.0,1.0,31.0,1.0
26.0,2.0,0.0,0.0,0.0,0.0,3.0945243820612673,8.0,0.0,72.0,445.0,1.0,37.0,1.0
20.0,2.0,1.0,0.0,0.0,0.0,370.1285673738591,4.0,122.0,22.0,611.0,1.0,9.0,2.0
25.0,2.0,0.0,0.0,0.0,0.0,15.901704072114025,9.0,0.0,160.0,476.0,1.0,31.0,1.0
16.0,4.0,5.0,0.0,0.0,0.0,351.1141628025896,14.0,170.0,231.0,875.0,1.0,26.0,1.0
36.0,4.0,10.0,4.0,0.0,0.0,1061.0514841221247,48.0,47.0,167.0,12014.0,1.0,29.0,1.0
16.0,4.0,0.0,0.0,0.0,0.0,468.36053109386455,10.0,169.0,21.0,208.0,1.0,41.0,2.0
34.0,3.0,2.0,1.0,0.0,0.0,656.3230564989551,19.0,176.0,85.0,3952.0,1.0,22.0,1.0
32.0,3.0,1.0,1.0,0.0,1.0,366.30630847468893,35.0,11.0,95.0,5792.0,1.0,39.0,1.0
26.0,2.0,0.0,0.0,0.0,0.0,5.682199122584045,8.0,0.0,214.0,774.0,1.0,25.0,1.0
43.0,4.0,1.0,0.0,0.0,1.0,670.80704085558,35.0,47.0,83.0,7833.0,1.0,38.0,1.0
19.0,1.0,0.0,0.0,0.0,0.0,431.65086290511,9.0,21.0,19.0,195.0,1.0,12.0,1.0
24.0,2.0,1.0,0.0,0.0,0.0,125.89777573469911,5.0,12.0,33.0,135.0,1.0,41.0,1.0
28.0,3.0,0.0,0.0,0.0,0.0,338.4632719186952,13.0,112.0,28.0,1056.0,1.0,46.0,2.0
40.0,4.0,2.0,1.0,0.0,0.0,147.79367423846227,7.0,16.0,32.0,1650.0,1.0,21.0,1.0
33.0,3.0,4.0,3.0,0.0,0.0,442.09540704161014,17.0,30.0,30.0,1706.0,1.0,37.0,1.0
35.0,3.0,0.0,1.0,0.0,0.0,73.92375499810257,5.0,29.0,188.0,82.0,1.0,38.0,1.0
50.0,5.0,2.0,1.0,0.0,0.0,755.3000475182284,76.0,12.0,158.0,15374.0,1.0,20.0,1.0
39.0,4.0,3.0,4.0,0.0,0.0,44.990327507096616,9.0,1.0,8.0,3791.0,1.0,41.0,1.0
34.0,3.0,0.0,1.0,0.0,0.0,855.428032642408,22.0,150.0,73.0,6560.0,1.0,26.0,1.0
27.0,2.0,5.0,0.0,0.0,0.0,586.6888754681173,55.0,12.0,180.0,8623.0,1.0,35.0,1.0
35.0,3.0,9.0,5.0,1.0,0.0,832.0717492127225,56.0,51.0,139.0,10610.0,1.0,43.0,1.0
24.0,2.0,1.0,0.0,0.0,0.0,10.32286818263997,10.0,0.0,51.0,46.0,1.0,12.0,1.0
26.0,2.0,0.0,0.0,0.0,0.0,189.67207797321262,26.0,3.0,75.0,2942.0,1.0,36.0,1.0
20.0,2.0,3.0,1.0,0.0,1.0,0.12597303478018027,24.0,0.0,25.0,840.0,1.0,36.0,1.0
28.0,3.0,3.0,0.0,0.0,0.0,5.878273327526029,22.0,2.0,98.0,867.0,1.0,42.0,1.0
21.0,2.0,2.0,1.0,0.0,0.0,39.116375703482774,8.0,9.0,21.0,456.0,1.0,33.0,1.0
32.0,3.0,3.0,1.0,0.0,0.0,319.84126872795827,11.0,7.0,117.0,12608.0,1.0,17.0,1.0
27.0,3.0,0.0,0.0,0.0,0.0,64.67243873969305,12.0,1.0,13.0,493.0,1.0,27.0,1.0
35.0,3.0,0.0,0.0,0.0,0.0,15.115750819454036,8.0,0.0,15.0,1535.0,1.0,9.0,1.0
36.0,4.0,0.0,1.0,0.0,0.0,320.3715156208783,23.0,43.0,76.0,4696.0,1.0,32.0,1.0
25.0,2.0,5.0,0.0,0.0,0.0,374.5317224425213,13.0,21.0,89.0,4083.0,1.0,26.0,1.0
31.0,3.0,1.0,0.0,0.0,0.0,300.76816595953227,21.0,12.0,59.0,1912.0,1.0,41.0,1.0
30.0,3.0,6.0,8.0,0.0,0.0,1021.8051289891422,30.0,106.0,136.0,12835.0,1.0,39.0,2.0
38.0,4.0,0.0,1.0,0.0,0.0,59.089399777634995,39.0,0.0,75.0,7273.0,1.0,33.0,1.0
40.0,4.0,8.0,0.0,0.0,0.0,386.6969674461089,77.0,86.0,164.0,6152.0,1.0,40.0,1.0
32.0,3.0,2.0,2.0,0.0,0.0,469.1330789531961,25.0,83.0,157.0,11988.0,1.0,36.0,2.0
35.0,3.0,2.0,1.0,0.0,0.0,2.1326757724725316,3.0,4.0,20.0,703.0,1.0,37.0,1.0
23.0,2.0,3.0,1.0,0.0,0.0,492.146224148274,60.0,29.0,123.0,7688.0,1.0,28.0,1.0
22.0,2.0,0.0,0.0,0.0,0.0,34.608459192144785,83.0,31.0,135.0,51.0,1.0,25.0,1.0
29.0,3.0,0.0,0.0,0.0,0.0,55.182388362494656,2.0,6.0,30.0,1311.0,1.0,24.0,1.0
21.0,2.0,2.0,0.0,0.0,0.0,89.22247333515145,12.0,8.0,40.0,537.0,1.0,21.0,1.0
29.0,3.0,0.0,0.0,0.0,0.0,446.25537659458706,7.0,34.0,41.0,1349.0,1.0,36.0,1.0
25.0,2.0,1.0,3.0,0.0,0.0,288.7324459307269,10.0,9.0,13.0,1934.0,1.0,29.0,1.0
36.0,4.0,9.0,3.0,0.0,1.0,614.338317725889,41.0,38.0,110.0,16084.0,1.0,32.0,1.0
20.0,2.0,0.0,0.0,0.0,0.0,56.502053402108714,5.0,5.0,59.0,13.0,1.0,25.0,1.0
28.0,3.0,3.0,0.0,0.0,0.0,82.45614409859445,36.0,4.0,88.0,2533.0,1.0,25.0,1.0
26.0,2.0,0.0,0.0,0.0,0.0,99.44974273049381,3.0,7.0,83.0,222.0,1.0,36.0,1.0
33.0,3.0,0.0,2.0,0.0,0.0,295.6281199371647,11.0,49.0,29.0,1873.0,1.0,32.0,1.0
28.0,3.0,0.0,0.0,0.0,0.0,106.77353908172411,3.0,1.0,51.0,126.0,1.0,32.0,1.0
29.0,3.0,0.0,0.0,0.0,0.0,10.639751771272422,3.0,0.0,128.0,403.0,1.0,26.0,1.0
37.0,4.0,0.0,1.0,0.0,0.0,561.018280924896,17.0,103.0,2.0,2493.0,1.0,23.0,1.0
44.0,4.0,8.0,0.0,0.0,0.0,143.07874763187309,45.0,0.0,213.0,10862.0,1.0,37.0,1.0
30.0,3.0,4.0,0.0,0.0,1.0,147.77195801047262,52.0,7.0,109.0,4250.0,1.0,26.0,1.0
26.0,2.0,0.0,0.0,0.0,0.0,456.07855540190394,14.0,208.0,3.0,729.0,1.0,29.0,1.0
28.0,3.0,12.0,1.0,0.0,0.0,381.31903512815694,13.0,45.0,137.0,4369.0,1.0,39.0,1.0
33.0,3.0,0.0,1.0,0.0,0.0,417.75433574133945,18.0,55.0,30.0,2051.0,1.0,29.0,1.0
32.0,3.0,0.0,0.0,0.0,0.0,77.89435926652169,5.0,0.0,140.0,1592.0,1.0,26.0,1.0
46.0,4.0,3.0,2.0,0.0,0.0,134.61894297075912,30.0,49.0,139.0,9094.0,1.0,37.0,1.0
28.0,3.0,1.0,0.0,0.0,0.0,24.633272664447556,8.0,0.0,55.0,3185.0,1.0,38.0,1.0
48.0,5.0,0.0,0.0,0.0,0.0,352.42842966884365,34.0,55.0,64.0,4953.0,1.0,35.0,1.0
26.0,2.0,0.0,0.0,0.0,0.0,150.90743091682037,35.0,5.0,91.0,4484.0,1.0,17.0,1.0
28.0,3.0,0.0,0.0,0.0,0.0,574.5812716481404,9.0,43.0,72.0,5156.0,1.0,40.0,2.0
32.0,3.0,3.0,2.0,0.0,0.0,307.4371351615247,17.0,15.0,80.0,2874.0,1.0,30.0,1.0
25.0,2.0,0.0,0.0,0.0,0.0,53.87928182257495,13.0,3.0,155.0,653.0,1.0,29.0,1.0
31.0,3.0,2.0,5.0,0.0,0.0,1369.1270526993715,39.0,134.0,92.0,14099.0,1.0,37.0,1.0
31.0,3.0,0.0,2.0,0.0,1.0,472.7320865322746,45.0,58.0,134.0,9573.0,1.0,32.0,1.0
23.0,2.0,7.0,1.0,0.0,0.0,289.90066896667804,7.0,5.0,33.0,1594.0,1.0,32.0,1.0
22.0,2.0,1.0,0.0,0.0,0.0,173.07490712606275,24.0,22.0,86.0,2901.0,1.0,34.0,1.0
26.0,2.0,1.0,1.0,0.0,1.0,687.7240470180705,29.0,48.0,58.0,3750.0,1.0,29.0,1.0
23.0,2.0,2.0,0.0,0.0,0.0,1425.300878443896,26.0,237.0,56.0,1899.0,1.0,26.0,1.0
30.0,3.0,0.0,0.0,0.0,1.0,39.67772614311558,10.0,11.0,79.0,385.0,1.0,33.0,1.0
47.0,2.0,4.0,0.0,0.0,0.0,520.2975665441511,41.0,64.0,122.0,6327.0,1.0,28.0,1.0
31.0,3.0,0.0,0.0,0.0,0.0,291.84324301238644,30.0,65.0,81.0,1704.0,1.0,30.0,1.0
28.0,3.0,9.0,0.0,0.0,0.0,821.8820291810786,47.0,148.0,145.0,11999.0,1.0,32.0,1.0
27.0,2.0,0.0,1.0,0.0,0.0,68.84479520255468,4.0,25.0,130.0,1624.0,1.0,22.0,1.0
25.0,2.0,3.0,1.0,0.0,0.0,234.92538275157148,21.0,23.0,69.0,3104.0,1.0,31.0,1.0
42.0,4.0,1.0,1.0,0.0,1.0,98.05292357309621,17.0,20.0,80.0,5726.0,1.0,34.0,1.0
23.0,2.0,0.0,0.0,0.0,0.0,290.02393729863184,25.0,10.0,60.0,5506.0,1.0,24.0,1.0
38.0,4.0,0.0,0.0,0.0,0.0,231.59345018559102,24.0,22.0,68.0,4506.0,1.0,18.0,1.0
36.0,4.0,20.0,6.0,0.0,0.0,697.123532768187,55.0,49.0,146.0,12090.0,1.0,28.0,1.0
48.0,5.0,1.0,0.0,0.0,0.0,469.25985759297504,34.0,6.0,149.0,5730.0,1.0,42.0,1.0
31.0,3.0,0.0,0.0,0.0,0.0,7.825664779005819,3.0,0.0,123.0,277.0,1.0,36.0,1.0
46.0,4.0,6.0,1.0,0.0,1.0,483.85680684196245,23.0,94.0,49.0,6088.0,1.0,29.0,1.0
20.0,2.0,2.0,0.0,0.0,0.0,1508.4766245841095,20.0,218.0,66.0,8482.0,1.0,30.0,1.0
24.0,2.0,1.0,0.0,0.0,0.0,13.387902867825787,15.0,6.0,60.0,1604.0,1.0,18.0,1.0
38.0,4.0,0.0,0.0,0.0,0.0,84.71910913038776,8.0,1.0,41.0,1906.0,1.0,41.0,1.0
