AH,C6H6(GT),CO(GT),NO2(GT),NOx(GT),PT08.S1(CO),PT08.S2(NMHC),PT08.S3(NOx),PT08.S4(NO2),PT08.S5(O3),RH,T
1.078030522533673,18.503595598250854,4.571538819183073,162.0,681.0,1308.0,1239.0,467.0,1592.0,1587.0,64.02593368106416,15.184752944185552
0.9822195608827682,3.7301832528889856,0.4121019976568283,68.0,58.0,729.0,722.0,1052.0,1418.0,706.0,31.484464737046128,28.86924564830327
0.5117590329069626,4.261362775440032,0.5236182904275849,92.0,325.0,838.0,561.0,852.0,557.0,800.0,74.33747711463052,7.300724760123041
0.6751866260000812,2.2175311315779767,0.8008532284383282,104.0,152.0,915.0,572.0,1029.0,700.0,668.0,43.73705321823784,13.997440129075743
1.251313414801465,18.20760487682107,5.0106148027027935,117.0,418.0,1326.0,1145.0,593.0,1843.0,1486.0,67.68045621214057,16.469310538411946
1.532658818485216,8.776771058832416,1.7949953291797451,86.0,165.0,1075.0,905.0,683.0,1580.0,919.0,51.99373787599126,20.478080604997473
1.7635939157337568,17.574994671296423,2.457182984348191,97.0,140.0,1509.0,1349.0,731.0,2193.0,1500.0,60.0239628622538,23.721706874843747
0.9228354755008275,5.984597425492547,1.6486610608628807,113.0,110.0,966.0,776.0,869.0,1464.0,1114.0,46.54342131808443,14.817959630572842
1.0326514089504613,10.88521908040107,1.8173377485007898,84.0,159.0,993.0,950.0,884.0,1472.0,984.0,42.29012505659828,25.935911448695897
1.0414008669386299,7.750263974983095,2.1428421407116485,87.0,74.0,1130.0,981.0,755.0,1716.0,1016.0,36.14130051494817,22.46294840515337
1.0612316750622537,15.466411666696589,2.689871124021145,110.0,147.0,1170.0,1222.0,791.0,1750.0,1145.0,55.51610485193943,19.726967280413945
1.715602663471506,17.563675733936513,2.5280258597158536,92.0,95.0,1295.0,1230.0,707.0,1940.0,893.0,57.91600401950491,21.62483229558275
0.591979378221283,5.433863980933155,1.532032474347271,108.0,280.0,925.0,779.0,777.0,1164.0,829.0,49.44838581446336,10.257301509561378
0.4950627046845695,14.51392248192556,4.900731330494355,150.0,191.0,1272.0,1121.0,650.0,1414.0,1424.0,35.93496987895483,10.159421394312163
1.009845157097345,10.690507575771498,1.5724398319547737,97.0,135.0,1018.0,1059.0,736.0,1508.0,1110.0,28.437218850674526,29.911469055551713
1.5297891383858324,7.51725493335176,1.1595086359828415,52.0,95.0,1104.0,968.0,796.0,1706.0,777.0,47.362742858993506,30.26403655735284
1.2996174092120605,15.762301746149621,3.6058410451631424,124.0,296.0,1199.0,1132.0,426.0,1783.0,1279.0,59.671122355000726,23.382625550481002
0.5467502158555513,30.053055541686433,3.7018271733917425,193.0,935.0,1344.0,1234.0,494.0,1222.0,1480.0,63.294831447395566,1.4100040726747753
0.5913619076316092,2.9719607076577916,1.0850967094286579,100.0,60.0,886.0,700.0,1081.0,1252.0,586.0,44.80192495789874,16.72236469750063
0.597472360850072,7.951757103699617,1.6263642380349856,119.0,323.0,1052.0,887.0,810.0,1288.0,1779.0,72.05984546814523,13.596672789956754
0.7704604137135134,14.998609212400313,3.256988067132173,181.0,338.0,1229.0,1241.0,645.0,1611.0,1436.0,34.13212565470806,20.47438134938747
0.7441582110659717,15.31932925450304,3.78430289573986,205.0,615.0,1196.0,1221.0,580.0,1465.0,1405.0,46.17693550989717,13.133405902708075
0.6654470548765781,20.557635692236552,5.459824741013648,173.0,781.0,1332.0,1139.0,630.0,1446.0,1598.0,24.034263901118088,17.096509524154122
0.6028690725524659,10.170556728979651,2.654572846963085,134.0,241.0,986.0,894.0,867.0,1191.0,990.0,49.555406967042146,11.139527810112634
1.5032813386361605,9.373817094166649,1.2004841350178534,111.0,102.0,1120.0,999.0,728.0,1664.0,740.0,63.7114805689706,25.107496530488916
0.45513119121692625,11.25595161790907,2.8718857776683975,127.0,351.0,1132.0,1023.0,656.0,1273.0,1266.0,36.43119394410237,14.088315827905527
0.3696802129668144,2.7148173875966584,0.6999133988685642,32.0,88.0,883.0,646.0,1076.0,828.0,632.0,49.496984633223356,9.368709128391915
1.4182097811502883,16.167026119247097,2.092181035376819,65.0,102.0,1062.0,1072.0,644.0,1817.0,994.0,34.62618783750332,35.65370165104589
1.0782147693730744,6.124966911999632,2.0688210870306065,82.0,127.0,1261.0,838.0,849.0,1791.0,851.0,25.69558509619698,21.84890990873417
0.8990960440863973,9.450764473035225,1.816783879109309,111.0,291.0,1072.0,948.0,732.0,1157.0,1210.0,53.528356362832824,16.907342769761904
1.2863175944254188,25.203439676943287,3.523944624867473,130.0,602.0,1330.0,1329.0,534.0,1965.0,1861.0,65.51929919727428,20.90360764343538
0.9830849601042095,14.09890248589705,3.082090371952579,125.0,392.0,1261.0,1202.0,674.0,1647.0,1240.0,76.21412684815492,9.166814133253363
0.594329834284735,8.481763337474003,1.8979338961760335,99.0,149.0,1027.0,896.0,996.0,1358.0,978.0,57.3650452217822,9.248335301175013
0.6115268917977741,11.920982227746467,3.10408240088428,192.0,356.0,1301.0,1048.0,758.0,1301.0,1173.0,47.53822883490321,12.058257485270142
1.5936653762598862,18.2785164519261,3.482487112963028,133.0,148.0,1286.0,1305.0,749.0,2200.0,1190.0,31.23418483331473,42.482652302326755
0.9739765724698504,11.16733830945399,1.8221529849126177,122.0,220.0,1168.0,1074.0,640.0,1487.0,1170.0,43.4867596393657,21.186125687900656
1.2453395006613939,33.34688632256262,7.295728725933211,164.0,370.0,1631.0,1637.0,536.0,2281.0,1983.0,54.042454523935945,21.119127978769257
1.7627250778372436,13.867007946007895,1.5822205139532766,85.0,87.0,1058.0,1010.0,844.0,1835.0,850.0,52.91007647274869,31.87151762898531
0.9560633787278234,3.370889184725121,1.024721789590054,69.0,100.0,967.0,763.0,1118.0,1199.0,479.0,49.36405079383349,18.85809849526398
1.3384934638546866,32.21529887847758,5.017112200522987,117.0,283.0,1589.0,1578.0,630.0,2365.0,2435.0,51.6087903233113,28.928893072832885
0.19156755268125436,8.913297901839643,3.681372771245784,175.0,462.0,1215.0,934.0,592.0,955.0,1337.0,51.91559032231496,7.125153945045314
1.6623730604201719,12.475650935275937,2.491720795345216,84.0,192.0,1265.0,1134.0,596.0,1708.0,1173.0,37.98739360416753,29.80433655282779
0.9697536970473342,2.562170828806274,0.5052845148676791,41.0,51.0,807.0,647.0,1060.0,684.0,410.0,72.4912037819978,8.160689072626228
0.5790429205498056,8.379782077465878,2.1707167939947793,110.0,102.0,1225.0,874.0,908.0,1564.0,1419.0,81.14030175210411,2.8865778324137725
0.8881091612444194,7.2925898770725714,1.1343696364874782,208.0,148.0,1136.0,894.0,735.0,1231.0,922.0,29.90749544773683,21.027057607656886
2.119165666301404,17.025384157929786,1.7993577480047465,102.0,131.0,1325.0,1203.0,413.0,1892.0,1732.0,46.07216703448735,32.71495186335424
1.1392935555156727,5.637789327370355,1.1927334023966238,91.0,79.0,1032.0,722.0,976.0,1613.0,642.0,26.163314983221284,22.818581978630405
1.6343560573297553,14.851131882724195,3.1475320427689124,118.0,399.0,1248.0,1111.0,555.0,1755.0,1313.0,67.7338619972311,18.17678797709756
1.1172306381225112,10.31137740519611,2.13616411548216,93.0,137.0,1220.0,971.0,1019.0,1542.0,1068.0,49.34425669371353,24.3059546792232
1.1618326128906913,12.897650033005679,2.6656028908531897,113.0,185.0,1293.0,1098.0,752.0,1725.0,1190.0,29.965344228219166,26.7119065225448
0.7617911837294844,25.970365363275384,6.079903531825009,224.0,160.0,1346.0,1392.0,496.0,1407.0,1343.0,38.87663505125562,12.988278408302877
1.5727104895276598,8.823459605998682,2.6982749605390297,79.0,164.0,1269.0,937.0,780.0,1866.0,970.0,35.573425754889115,23.136997359725733
1.0714468554928145,17.942547291117958,2.908176974284431,96.0,175.0,1138.0,1389.0,796.0,1902.0,1452.0,37.9427869890433,27.773453045139476
1.0510784693612079,21.431512302691026,2.952353328677451,124.0,260.0,1181.0,1236.0,704.0,1771.0,1138.0,37.72848180830706,24.711979631617183
1.2154075455080144,5.3234836509734045,1.124557733458455,82.0,176.0,914.0,795.0,746.0,1501.0,781.0,60.76404029951884,18.27634894225642
0.6055987089463621,2.328087920804075,0.828514744643939,59.0,88.0,881.0,642.0,1064.0,682.0,682.0,51.202895968158884,12.048771760506712
0.7106322699596308,10.416867657626767,1.9733752225545524,164.0,314.0,1189.0,952.0,830.0,1322.0,1184.0,54.29691072572959,11.798142126465324
1.3226294522599968,7.535167051581653,1.3836740870647612,63.0,121.0,1104.0,865.0,1247.0,1767.0,798.0,43.083270787194174,24.485492682556966
1.328957407902683,12.075361706123532,2.8320477714302865,111.0,382.0,1099.0,1039.0,826.0,1562.0,719.0,77.61470119930638,13.389804380868826
0.9270098207708573,9.300985468505278,3.475782582157196,165.0,171.0,1269.0,999.0,648.0,1490.0,1020.0,62.19922335156217,6.453785071357295
0.5481933640190262,8.459900125634418,1.3917627748258599,177.0,450.0,1081.0,794.0,671.0,864.0,978.0,55.10856571352153,8.055141481317202
0.8579261340875415,5.126040911225258,1.4767114382139008,87.0,95.0,917.0,774.0,1134.0,1521.0,669.0,36.395337332643024,22.00241945696515
0.6763471862171211,6.208109099197241,1.7325426934176584,96.0,334.0,1089.0,882.0,794.0,1266.0,1342.0,78.06595708586654,3.379480610089427
0.4659679220694246,6.683920474356744,1.9370287745445927,136.0,301.0,1064.0,811.0,971.0,1162.0,971.0,66.54722875971676,0.8371377084529072
1.674814318039487,46.450229425182,4.250906832239162,199.0,548.0,1639.0,1736.0,555.0,2438.0,1611.0,34.334080593621145,29.817008620695454
0.9403672207836753,13.798019832085368,2.4667457488097657,146.0,336.0,1169.0,1034.0,683.0,1453.0,1325.0,56.87424840758915,15.884461656650734
0.9710025275877128,1.1036510923454363,0.22678574466531812,52.0,43.0,899.0,617.0,1090.0,1015.0,494.0,50.492937057525864,18.573467991881202
1.1052869748575274,8.694718733559897,1.3562228760745942,107.0,86.0,1106.0,939.0,697.0,1555.0,887.0,39.39882784083474,19.89745535433015
0.9276752657030294,11.894881131334634,1.9924503834899094,111.0,267.0,1106.0,939.0,647.0,1346.0,1439.0,62.438116722577035,15.806631015774572
0.9685509924415514,9.380352775325173,2.562817028158033,180.0,415.0,1121.0,978.0,444.0,1149.0,873.0,61.309779138172765,10.00465386411909
0.5728441705043856,4.8476623469389635,1.1969400657107423,99.0,213.0,924.0,705.0,974.0,914.0,422.0,30.83415243132594,12.307317236870807
1.5542083440660244,16.334547382935504,2.318788498316942,113.0,129.0,1118.0,1226.0,837.0,1982.0,1112.0,27.65205882894186,37.99440813356412
0.5017681710442918,9.915545767031208,2.206158831027248,139.0,303.0,942.0,907.0,827.0,1098.0,1304.0,55.997802707749855,5.491041773638292
1.2432836528526654,21.379376686684612,4.2036653401018205,127.0,672.0,1323.0,1328.0,452.0,1951.0,1515.0,74.60687503907535,17.040119236900395
0.820988580751898,16.448530324795108,2.9694629674957533,171.0,808.0,1194.0,1113.0,695.0,1502.0,1622.0,83.05328202058274,12.911033489319633
1.057377109140367,5.146164580176756,1.85001703548852,94.0,162.0,1280.0,819.0,771.0,1443.0,980.0,60.92834343242027,9.425742738017378
0.29784714592183237,6.947128261028549,1.8248277808041036,162.0,504.0,920.0,856.0,920.0,946.0,1116.0,62.41411008343304,8.813365799871162
1.5374877872052226,21.402381878151264,5.452940060413325,140.0,377.0,1322.0,1351.0,541.0,2015.0,2348.0,67.24171309940107,24.88156844531499
0.8727797404862154,44.136091299570175,4.535361960410377,121.0,113.0,1465.0,2092.0,663.0,2204.0,1490.0,29.249350756422814,26.72274024940168
0.847498998733301,5.828795113915406,0.9129685802822908,89.0,127.0,1102.0,830.0,838.0,1238.0,838.0,43.404144568933944,14.75490988304547
0.4673326893990364,11.787345799470089,2.7922791559117557,159.0,476.0,1174.0,1011.0,805.0,1379.0,1488.0,45.45018537221374,12.419239326677255
1.406563006439449,8.648773605216405,1.4874718212460303,81.0,113.0,1066.0,842.0,783.0,1626.0,741.0,65.4977543293365,23.80671275514544
0.9201943639163317,37.32488308166484,5.543040127735388,178.0,880.0,1362.0,1458.0,539.0,1757.0,1874.0,32.546943099024986,25.498969489454637
1.2506500762075727,3.068600611755813,0.7145503078326578,69.0,84.0,1080.0,708.0,760.0,1371.0,682.0,51.86793818659707,18.641070415365277
0.36185047586605257,7.970295428748247,1.1382843739809216,104.0,159.0,936.0,861.0,1252.0,1340.0,1214.0,71.50503060390928,10.033155463052635
0.9227250418126953,16.02597031049298,3.038913582298377,166.0,635.0,1315.0,1145.0,572.0,1568.0,1475.0,42.00236135641642,16.925322942488158
1.2444282416037311,6.194622691442647,1.0483901921349172,109.0,261.0,1203.0,893.0,603.0,1335.0,1249.0,64.29814639649491,15.505785579622385
0.9663990513236158,2.8862773565973425,0.4960255793895427,74.0,28.0,975.0,753.0,936.0,1043.0,734.0,42.69588087067202,18.42367449891158
1.2606039235368038,9.353681573238148,2.614283889214671,96.0,279.0,1302.0,982.0,685.0,1691.0,1141.0,73.89642315424588,14.522768685559667
0.6788250393606408,6.297550388944683,1.2429350251838955,129.0,139.0,1034.0,820.0,872.0,1197.0,916.0,44.591741183950134,16.597167286402296
0.3684387779322742,8.415871844504899,3.3256910869710152,167.0,448.0,1166.0,863.0,820.0,837.0,1263.0,17.70346727406799,16.004498909805733
1.131060475660025,2.2828334585921395,1.0716733711859328,52.0,87.0,1082.0,613.0,817.0,988.0,815.0,67.24190272822946,9.151654736727378
0.9535937826048022,4.612364159506097,0.7848070893619618,82.0,91.0,962.0,701.0,1120.0,1361.0,886.0,65.68104251469411,16.887468542771877
1.295521052837638,18.52751036630548,4.461689855410033,152.0,650.0,1448.0,1379.0,519.0,1568.0,1715.0,55.27486016068216,19.14350267667068
2.0591222765312107,3.252372584437124,1.0333725515155363,52.0,82.0,1072.0,802.0,767.0,1728.0,632.0,69.47198734224708,25.895973686000247
0.7337645140109159,8.405480711789606,2.0873800395554705,150.0,279.0,1186.0,893.0,616.0,981.0,1025.0,46.08054308334834,10.829548117080686
0.9146439133752655,5.462318438841068,1.226530167852428,57.0,69.0,1017.0,808.0,857.0,1325.0,736.0,67.27242096748256,0.514835467410176
0.746757513641991,4.2025699451858,2.2253952494559117,68.0,122.0,972.0,716.0,869.0,1162.0,629.0,51.590822043526856,10.640427820373747
0.3601097071627839,4.004883260721763,1.2631123225246756,163.0,172.0,990.0,711.0,966.0,858.0,602.0,22.7593393138352,18.021923022104616
1.1542755642985603,19.950037806371405,3.663328705331799,108.0,482.0,1523.0,1287.0,572.0,1925.0,1792.0,75.87299631946824,15.610981418497309
0.5525994789832005,25.083195076986147,3.724752095416386,187.0,613.0,1625.0,1412.0,618.0,1770.0,2459.0,50.219660858105975,14.817685436878167
1.4748938422915525,17.9294270116925,3.399454526346497,114.0,211.0,1251.0,1211.0,657.0,1708.0,944.0,37.983905447633525,26.36285102736432
0.9680658995934055,5.605549825558554,1.183576781117256,92.0,40.0,1072.0,816.0,994.0,1770.0,664.0,35.38947654018033,20.787494066215082
0.8637373436905449,2.9053122034754546,1.0740248190571546,118.0,130.0,1054.0,571.0,701.0,894.0,784.0,53.768986830029746,9.419469249352064
0.4203872930478565,1.8211189330716926,0.3866562113103701,70.0,71.0,888.0,639.0,1716.0,927.0,406.0,32.634277083213526,10.593791482249875
1.239259723275221,3.4806416884541407,0.38416737549355917,76.0,80.0,934.0,682.0,881.0,1464.0,816.0,52.10834729305512,24.82631878704708
0.41086790878157453,4.200798414379719,0.8844726857212099,111.0,240.0,847.0,728.0,934.0,961.0,824.0,43.96696140580496,12.54094157578814
1.1335767017597667,3.964588858664714,0.23632615005265947,82.0,129.0,905.0,729.0,1168.0,1269.0,493.0,42.440697128566704,19.920177921283972
0.7115589836376162,5.470166394537827,1.534780511932573,119.0,118.0,1069.0,838.0,892.0,1186.0,699.0,41.98374550334276,11.02444061064003
1.0901724640927346,16.648534022353854,2.7812620179565823,155.0,319.0,1250.0,1134.0,712.0,1769.0,1296.0,25.078758617018096,31.895532131279147
0.5585833157525675,4.547572499662092,0.25260219210329715,58.0,71.0,922.0,637.0,1411.0,1141.0,290.0,74.34882228687722,8.617483893371633
0.7223834044690851,4.813864095271746,1.2472339083237771,44.0,23.0,947.0,737.0,1372.0,1307.0,450.0,50.49923113176784,12.571156518045074
0.996710046361615,13.702518239938176,3.055737411736845,102.0,340.0,1154.0,977.0,677.0,1492.0,1441.0,77.62452844810868,7.7667008803206254
0.38397033453462837,3.785581464684273,0.7460717427989733,110.0,387.0,869.0,667.0,922.0,823.0,928.0,65.28453200707607,4.488485995941701
0.728020917084035,3.3937807970873055,0.5874582146703451,72.0,68.0,931.0,710.0,1155.0,1231.0,837.0,34.87392053600874,21.30750818036981
0.6534501099340846,6.9919561460508115,2.0074360061640224,124.0,112.0,1086.0,856.0,802.0,1314.0,1081.0,28.273487242911397,18.80707487611034
0.7725840374871693,4.407909424477423,0.8508067438026721,75.0,49.0,907.0,588.0,1164.0,1209.0,627.0,36.43291581467819,16.757542352597476
1.2682282544217733,1.8267143975888427,1.0524793078225703,77.0,40.0,897.0,662.0,1018.0,1352.0,452.0,51.91627093503751,16.98547382940064
1.6147558051908886,2.4696023050086704,0.7158363252437016,22.0,41.0,820.0,732.0,933.0,1443.0,521.0,45.56740878185788,22.699485118228495
1.232017037993957,6.141325437268729,1.348927000824798,75.0,94.0,951.0,842.0,859.0,1599.0,851.0,39.99641708630247,26.6961642979917
0.8065017182438092,11.312365044569354,2.6343738053766153,176.0,603.0,1234.0,1020.0,617.0,1345.0,1273.0,63.57447142466157,9.16267082076041
1.045231461616676,15.99185236303087,3.0086885929677907,129.0,259.0,1210.0,1220.0,581.0,1524.0,1150.0,49.98900594931114,16.53555101026602
0.5870883643345979,20.470677007988108,5.853335308347848,291.0,306.0,1593.0,1297.0,582.0,1735.0,1772.0,38.05996678382267,16.172386729968423
0.6916852568700362,5.159890724898887,1.779024429300866,93.0,157.0,1142.0,788.0,879.0,1235.0,1116.0,68.90617655804857,5.256661849053014
1.1565960205608377,3.135978936932507,1.220469930701506,93.0,119.0,917.0,722.0,1010.0,1345.0,735.0,36.795592227461654,20.0882523211777
0.9041848384474802,7.671092679780209,2.5364701991657257,107.0,159.0,924.0,925.0,1021.0,1360.0,479.0,34.51542022841086,19.166770897896306
0.971958831775318,17.913640776698713,1.1865447652114864,60.0,49.0,928.0,1020.0,906.0,2279.0,792.0,43.19622232336651,34.645243008035294
0.9454559412232315,25.21008408881524,3.3908388371119456,164.0,196.0,1282.0,1371.0,746.0,1783.0,1631.0,31.987666376632276,27.1325198462078
1.3001767796961141,5.588044543721289,1.1236813390852447,70.0,51.0,1021.0,794.0,808.0,1596.0,852.0,56.3133436777229,19.874490944855005
1.0587627054423054,7.314524599970043,1.8856134503709325,82.0,149.0,931.0,885.0,1083.0,1495.0,757.0,48.07507750806191,22.55457942236759
0.25684704258612245,23.66767416065402,7.4924120500745754,226.0,872.0,1401.0,1380.0,599.0,1315.0,2103.0,48.21152320547385,7.362147564920056
1.5738451947800367,13.554306971960463,2.997536647913007,83.0,166.0,1102.0,1118.0,766.0,1886.0,744.0,53.140741241066536,28.507466198635342
0.8226337934636747,4.466904116582548,0.7401220758010807,141.0,124.0,1079.0,757.0,868.0,1024.0,694.0,18.772219090231484,16.993347472969823
0.6265656910907607,1.9093660465470839,0.6915901246814806,27.0,118.0,864.0,531.0,1027.0,558.0,457.0,72.19437401659222,3.099653695486161
0.9317778340526457,5.8634551390669145,1.889233941355884,87.0,58.0,1095.0,829.0,1099.0,1675.0,1126.0,37.70190347052787,20.446773874802993
1.0661000960534073,9.161361361761953,1.9829114739512683,121.0,131.0,1204.0,1067.0,756.0,1587.0,791.0,28.459990396468353,27.268575022805166
1.0114140662809048,15.596573190535716,3.073240896449968,117.0,427.0,1333.0,1213.0,437.0,1500.0,1601.0,74.08045387848571,11.229531638955079
0.6844384296379153,2.5965481297281143,0.30578766859529694,71.0,82.0,944.0,637.0,1020.0,1146.0,516.0,58.06880187690285,4.626033836746803
0.4793193348896989,9.700733454912925,2.9099336930707786,173.0,417.0,1202.0,963.0,820.0,1169.0,1385.0,59.940641917103605,5.987343969602369
0.8671421278006883,13.4686624729769,1.9629518320013617,156.0,222.0,1238.0,1002.0,628.0,1548.0,1443.0,36.11957305520242,18.930203869482582
0.5406703185387127,7.430218935791518,2.0308465245101646,143.0,297.0,994.0,924.0,866.0,1274.0,1086.0,63.8849307066727,5.298520031654327
0.6847606862236602,24.388035523698395,3.9289536287388094,204.0,484.0,1404.0,1244.0,537.0,1599.0,1720.0,47.078067584885474,13.052169698113039
1.0174041693594555,0.5363624019598567,0.6989918203949451,44.0,56.0,864.0,503.0,2005.0,1140.0,576.0,41.21815230978649,19.26928321616289
0.5649673755799172,21.620075580152022,3.0762769349992185,200.0,343.0,1175.0,1292.0,557.0,1396.0,1535.0,57.68142701410479,14.105120612154865
0.9957234609458561,3.1284043140659117,0.9180583616185065,49.0,54.0,1064.0,840.0,1033.0,1907.0,503.0,30.203047871690057,37.23620171239036
0.8982029801940521,8.5118994807439,2.0447648708931823,135.0,176.0,1092.0,931.0,812.0,1531.0,916.0,30.691572946285874,19.582409348296125
1.014515744546422,2.1182352743558264,0.6665596196018483,49.0,9.0,880.0,575.0,2140.0,1378.0,549.0,32.597668940777396,21.86808920546151
0.6611099196465802,11.760380950511834,3.0243288792870633,143.0,768.0,1265.0,1024.0,606.0,1271.0,1296.0,49.103221565447306,10.710165297758847
1.0178250110061635,12.9992443876113,2.239438215650841,108.0,141.0,1078.0,962.0,903.0,1488.0,915.0,42.82187637660364,20.533258291037264
0.7301755227733642,1.7195474321103261,0.6006873706209491,38.0,11.0,841.0,564.0,1510.0,1286.0,516.0,32.23865813343176,21.067304241055474
1.0249392914386035,5.297088457202726,1.1547807458264532,25.0,132.0,1009.0,737.0,801.0,1193.0,1058.0,25.863300961127045,6.618389600635563
0.3827841982959965,4.089156287059769,1.087813147770823,50.0,144.0,920.0,661.0,980.0,577.0,835.0,37.601356059529294,9.514010910369228
0.9884463585119614,10.418547765355973,2.418287550011439,101.0,243.0,1414.0,1045.0,719.0,1594.0,1602.0,54.00743223988046,15.977851286009594
1.4164802524938624,18.62766003088544,3.7172190064332513,138.0,369.0,1276.0,1299.0,622.0,1856.0,1215.0,41.23736647329934,33.67420003147836
0.5167382933278206,2.9479538883382204,1.6895157279946664,155.0,142.0,1133.0,764.0,1322.0,1059.0,769.0,39.17092743284756,2.315177487322792
0.9503211547093142,8.98321760403597,1.6056515862214016,142.0,217.0,1228.0,1065.0,945.0,1324.0,918.0,9.925185326373239,22.585467449619593
0.8668161325274018,6.249780072237801,1.1411414103834456,147.0,11.0,1059.0,822.0,940.0,1446.0,602.0,27.44005381533715,25.11206798724455
1.3628498166495835,32.41130266850098,5.258215586553624,134.0,545.0,1414.0,1426.0,477.0,1887.0,1963.0,61.592185366793935,22.405013132917404
0.9355187169142181,1.9041457749462376,0.3835218473138989,59.0,46.0,819.0,581.0,1380.0,984.0,421.0,35.385570838167055,18.62837422558269
1.186285314657048,18.909631638616283,2.4662524118157845,143.0,880.0,1198.0,1119.0,569.0,1446.0,1708.0,58.47795927838953,19.921428664747204
1.1259049058738968,9.771656439347556,1.1069545584470357,93.0,185.0,972.0,970.0,987.0,1545.0,1236.0,58.574226742931565,24.650393705584463
1.1834651626409205,2.271953930869404,0.5372728881124714,56.0,60.0,838.0,661.0,1179.0,1220.0,495.0,67.79101329418769,14.087422898488958
0.5812472064087955,12.255791161562263,2.348631421871275,156.0,283.0,1163.0,961.0,736.0,1513.0,1340.0,51.54956767801442,13.274844367727416
0.8884267967164619,6.108650425685991,1.8485098798480923,85.0,150.0,962.0,873.0,802.0,1271.0,1138.0,48.710074993227444,17.388451946490186
1.5060780741043465,17.497599088194676,2.3481204922778756,159.0,152.0,1329.0,1076.0,541.0,1826.0,1227.0,37.02787925375902,22.13199658209554
1.2634037726555192,20.503593605742015,3.6619648422009003,213.0,878.0,1670.0,1283.0,555.0,1998.0,1976.0,76.53349939626088,13.960466469661993
1.0506522060423518,20.39352645886274,5.061151701819086,207.0,1457.0,1325.0,1261.0,488.0,1604.0,1371.0,18.250433160073484,17.47548748507878
1.0310780021430073,7.374863644026262,1.3453994863368,120.0,119.0,930.0,884.0,910.0,1286.0,729.0,29.229636694053486,24.197762301365387
1.8042729330548777,21.108540811572677,2.8084063477188526,49.0,35.0,1535.0,1262.0,663.0,2517.0,1138.0,42.44048942699254,36.645698678486575
0.30036597549094557,4.233528067516231,0.9848863936616955,100.0,150.0,843.0,697.0,1032.0,653.0,868.0,34.57299129859139,16.45864022641593
1.199304308222876,10.483508350338765,2.0251783594950146,102.0,308.0,1065.0,984.0,599.0,1205.0,1215.0,52.98359924676046,18.52708563351745
0.9383420278705674,29.545944224638948,5.0404527550461635,163.0,790.0,1329.0,1316.0,407.0,1762.0,2139.0,36.68352064816006,19.902433632610894
0.5722804738304876,1.652400104896273,0.4145042546307017,96.0,69.0,915.0,654.0,1229.0,846.0,410.0,40.44984707454878,10.707892888811566
0.48092626329991983,1.67610982214347,1.4147333202880528,69.0,34.0,940.0,726.0,1509.0,1449.0,866.0,32.0116679848049,17.03677008885178
1.3125774706700952,10.439179014989627,1.6033560573589314,59.0,74.0,1146.0,1039.0,759.0,1564.0,1053.0,68.30536704465797,15.189077719881903
0.8854915643664314,4.376598821917406,0.9003947312139025,63.0,160.0,831.0,694.0,985.0,985.0,676.0,43.82085466601899,16.472869256627583
0.7408644635743102,5.704780566669611,1.496955338021959,72.0,119.0,938.0,795.0,1158.0,1363.0,683.0,62.702407796858935,11.77521118918452
1.3267632756339867,9.045590337275708,0.8837769589003025,103.0,269.0,1015.0,965.0,904.0,1076.0,673.0,43.528159253568035,26.465019081441838
1.2165959303158715,12.287294754219255,0.8405613565686205,31.0,107.0,1011.0,992.0,859.0,1770.0,1220.0,66.80021072339896,32.631257094100185
1.263870103611404,13.720436731088947,1.4395086734306801,73.0,190.0,1022.0,1013.0,844.0,1445.0,856.0,50.11924163207645,29.610907676613877
1.408950429327201,9.65660593181247,1.9028088636600269,49.0,97.0,953.0,880.0,815.0,1653.0,763.0,60.733594108330806,32.92429449977915
0.3226173914839414,0.7390314872263833,1.0887967413027213,50.0,27.0,834.0,619.0,1411.0,1094.0,625.0,75.69941801235906,4.104080336305737
1.1787176299267739,6.698384512047862,2.2166893093122115,137.0,189.0,1018.0,874.0,691.0,1283.0,644.0,33.14108570859813,19.11680151767724
1.2401030770910675,12.754144492410878,1.7507046424713588,62.0,121.0,1106.0,1027.0,731.0,1665.0,1078.0,50.11710967133195,23.324351064995845
1.1390063241730484,13.951872499071591,2.2156214795099327,148.0,227.0,1124.0,1096.0,652.0,1375.0,1005.0,65.73057514129455,17.138912667823718
1.231472282139461,4.267504400399594,0.36871767677787276,57.0,77.0,862.0,761.0,1623.0,1459.0,467.0,67.28962779777973,25.561300814575972
1.7188263165348368,10.170576849144469,1.8910114793517812,96.0,172.0,1217.0,1081.0,693.0,1626.0,1205.0,50.04121869912946,22.766962038807677
1.1738985659231427,14.835428720427402,1.65336043658908,147.0,194.0,1187.0,1061.0,708.0,1569.0,1015.0,46.09173056107888,21.377439080511238
0.6940986781622924,8.786324900127427,1.9603381312055532,147.0,287.0,1077.0,975.0,696.0,1190.0,936.0,23.46622737441991,17.51266628227991
0.6951500963891597,3.1026187949924795,1.3710684712063685,95.0,74.0,1044.0,681.0,942.0,1234.0,931.0,36.25737412955108,20.81694341708451
0.7407471491132107,4.7200211699683505,1.5616347483192987,93.0,75.0,1075.0,718.0,862.0,1285.0,763.0,37.48242220416522,11.517744916759879
1.201895285440443,7.415920888464727,3.0525591633029445,75.0,262.0,1084.0,931.0,754.0,1644.0,1103.0,49.396729453600024,18.30132013886412
0.5659146607055929,10.363820198161758,2.984843013696602,108.0,403.0,1212.0,1000.0,584.0,1189.0,1237.0,60.89671738259432,3.0114220102453775
1.5724762705829878,19.92057328724628,2.6296344592905307,157.0,255.0,1199.0,1273.0,754.0,1708.0,886.0,38.09337709445811,28.882528130127817
1.8046668276247544,14.031925416718,2.784104037406593,67.0,61.0,1087.0,1197.0,618.0,2319.0,1227.0,26.386424741954368,36.52092646217988
0.6054526750499465,11.749092458980797,2.1334322750857138,172.0,304.0,1055.0,1020.0,773.0,1255.0,1193.0,39.8666690346914,18.660192725790523
0.9714953486485725,25.164974860130894,2.400990824461962,86.0,128.0,1237.0,1401.0,622.0,2075.0,1303.0,44.25136379669524,37.60038972433746
1.2878342905444973,40.7384197509953,6.847803528984184,194.0,1394.0,1624.0,2187.0,601.0,2076.0,1987.0,77.71455061230478,15.461627775078684
0.5602417705769702,9.779273102040458,2.2403466326196817,159.0,388.0,1165.0,956.0,664.0,1046.0,1201.0,34.93962885738002,14.507620231180601
1.032759061657204,12.20558774433949,1.169532273261959,86.0,141.0,1118.0,946.0,736.0,1457.0,1077.0,50.05170358834333,18.997835609232396
0.8687222006852815,27.602478339125327,6.807086756676415,215.0,659.0,1593.0,1271.0,537.0,1591.0,1889.0,28.44451278840497,19.46564466896436
0.5204887963188463,27.498223247473383,3.780131427401418,223.0,860.0,1488.0,1301.0,589.0,1372.0,1657.0,52.43064014536538,8.066411273760552
0.5010341513876213,7.014708143503251,2.162028602465211,174.0,622.0,1096.0,902.0,767.0,922.0,1371.0,62.629718187259925,4.023839534864978
1.2063780829068282,19.748992224713934,3.007220528527567,125.0,340.0,1454.0,1423.0,680.0,1912.0,1805.0,42.831183568983825,24.48820898941132
1.152890185596312,6.506491930773349,0.9776820976021247,72.0,114.0,1142.0,799.0,890.0,1401.0,1254.0,67.9546801412207,12.140408562359474
1.4676712786405528,7.42791183205411,1.1842695079873247,70.0,79.0,1117.0,914.0,706.0,1536.0,1113.0,71.57150664258685,19.3044823789768
1.4340707990741153,6.704905172145903,0.8261432243382568,65.0,163.0,911.0,854.0,910.0,1541.0,610.0,76.20862384800719,22.10577164898922
0.7914031852571699,3.2944967715054387,0.9979268934992946,98.0,213.0,816.0,741.0,915.0,788.0,553.0,41.11200429034805,15.077352232889263
1.0087385249859302,17.754243150087536,3.1772871403823095,112.0,104.0,1100.0,1213.0,764.0,1642.0,914.0,28.285059537474957,30.861001361330146
0.7916132398618663,6.2918241891890965,1.6724072098274227,63.0,68.0,982.0,813.0,946.0,1501.0,848.0,34.97969633551292,17.52920777297129
1.2390416336907186,12.78652673301851,1.690675205343144,100.0,179.0,1189.0,1028.0,618.0,1718.0,1429.0,18.393008813730674,27.006514478095205
0.7682844339687604,8.794407908203885,1.2039839168284758,121.0,119.0,1000.0,921.0,880.0,1340.0,947.0,41.4105455606946,17.38267041282232
1.0742822412952056,5.324671793849187,1.8454974848264663,95.0,337.0,1059.0,911.0,747.0,1204.0,960.0,74.71360570231138,8.35923241491899
0.7028979584042807,7.042839976320691,2.74693063109033,134.0,267.0,1233.0,903.0,683.0,1200.0,1208.0,53.919756069382075,7.3717406044985
1.2835769551474796,20.590062621644293,3.5757687817438697,117.0,259.0,1359.0,1247.0,503.0,1870.0,1585.0,63.40376836257393,20.483408948103182
0.6359513560244581,12.004262923066904,2.2592583522040974,127.0,281.0,1207.0,1027.0,648.0,1383.0,1412.0,58.82526305701591,9.836287532501759
0.5977932078979424,6.997045637828388,1.9703885678732673,85.0,134.0,984.0,881.0,927.0,1309.0,1046.0,52.66519435398721,15.371523972482946
1.4617582609798945,26.284431521666445,3.981241639639848,80.0,207.0,1649.0,1371.0,594.0,2206.0,1285.0,80.794001257975,17.387410868507338
1.2570091475603171,18.798146420327853,6.4289963651336715,198.0,480.0,1333.0,1245.0,432.0,1808.0,1374.0,21.85855563160615,27.56582648014217
0.5562155642995494,8.463778370939504,1.491313646960423,150.0,188.0,1027.0,908.0,598.0,1004.0,918.0,38.25145220632213,16.96498727322465
1.4092411591487315,5.250611357337442,0.201555704655708,74.0,74.0,970.0,799.0,720.0,1370.0,761.0,60.9505774151526,21.716081584567767
0.6532715612753339,9.384375521951448,2.0715096485606663,148.0,203.0,1009.0,998.0,835.0,1054.0,1002.0,42.34701943180326,15.271316016857869
0.9105838770743291,22.05655587525874,5.452298144377392,182.0,363.0,1313.0,1388.0,667.0,1732.0,1782.0,18.72602976169336,28.50830207674116
0.5666464008933247,10.914368037701292,2.904673273294717,150.0,365.0,1572.0,1226.0,700.0,1411.0,1438.0,37.03182072974964,15.638204067262555
1.0365283512228884,2.957069223309907,0.9255362544140615,61.0,52.0,926.0,498.0,1040.0,1395.0,605.0,37.67768952147206,20.430082166077966
1.133589871053864,22.72606306969029,3.4705902955409624,123.0,491.0,1570.0,1131.0,616.0,1644.0,1680.0,52.35469393682864,21.618457170247865
1.349298771010014,19.47865306752616,5.1109659718765235,139.0,254.0,1507.0,1261.0,623.0,2014.0,1632.0,47.841769240353145,31.07922809584103
0.8919258003822808,5.761608656898205,1.3272799898925167,113.0,73.0,813.0,806.0,1136.0,1509.0,701.0,27.961935473542628,25.92071584434631
0.9795571514140573,1.3214064904900527,0.6693070342061772,84.0,153.0,904.0,610.0,957.0,768.0,448.0,54.466439121761525,16.615321214729043
1.5037035015657183,2.9177377369372985,1.3781145780896218,24.0,126.0,1001.0,805.0,923.0,1577.0,716.0,52.90388097995186,24.0135254751416
0.6561794527087013,5.069572229934141,1.3101654770036908,98.0,270.0,1096.0,678.0,793.0,893.0,769.0,63.87072336972974,6.943375013365092
1.788884697852098,7.346632049642462,1.2934379086810244,47.0,51.0,919.0,952.0,1153.0,1861.0,534.0,44.008629015194174,36.79091951266096
1.4119562784873978,10.850393822803657,2.4129716098314486,103.0,317.0,1199.0,997.0,757.0,1623.0,1043.0,57.472537578368275,23.393319378337395
1.0990296810307199,2.5993655856112285,0.38798997367115823,27.0,65.0,793.0,562.0,1223.0,1173.0,443.0,49.75576061219811,19.1110413672897
0.8716890690509811,2.000713206519914,0.8261029581754308,97.0,284.0,1040.0,735.0,794.0,1097.0,1221.0,78.28626070444663,6.273256626015742
1.0287272740772113,11.01301022779993,2.783064861709852,105.0,240.0,1276.0,1114.0,687.0,1317.0,967.0,51.87254058446983,12.849280366163851
0.9884764073544547,24.982209602137896,4.143638526281121,147.0,803.0,1585.0,1329.0,535.0,1738.0,1650.0,55.315445035492914,14.851898384808718
0.7759730403133285,6.670291966420496,0.835507795510067,78.0,24.0,1001.0,807.0,1331.0,1486.0,907.0,25.149862067115787,22.95780492303392
1.2635869131303454,6.307280270821341,1.2506995659230615,146.0,271.0,974.0,741.0,685.0,1212.0,874.0,60.2489505050185,15.959640369633766
1.255532218932663,12.498189343102933,1.227430396525709,121.0,209.0,1179.0,1076.0,677.0,1632.0,1218.0,42.11600077554419,32.010079065213105
1.2089501235681854,38.15187946373824,5.910797527396977,236.0,631.0,2010.0,1442.0,480.0,1956.0,1483.0,29.528106336015682,19.385597016512236
0.6831694424939958,4.677629633443335,1.26844239016035,94.0,75.0,872.0,686.0,1168.0,1139.0,310.0,33.39814648838276,16.706529215026144
0.9537130911839633,6.8753215119630555,1.9201983548919483,108.0,269.0,1043.0,927.0,797.0,1242.0,759.0,33.47567405348547,18.75288485404205
1.2670165439126728,17.164383428676445,3.7258753914733704,159.0,185.0,1275.0,1208.0,692.0,1694.0,1204.0,33.856538373973315,28.94433150409433
0.39503703201950824,5.9718930461310045,1.6534101861762687,202.0,255.0,1188.0,785.0,750.0,1052.0,1222.0,57.80931716975572,6.275595544185247
0.7695601469393747,1.8779487899250258,0.4776706454860204,22.0,43.0,896.0,733.0,1099.0,1040.0,546.0,33.331250595176826,20.27152298098592
1.186487575745715,11.218570288296194,3.1919326675149704,130.0,396.0,1236.0,1172.0,650.0,1730.0,1307.0,66.80172058737539,14.169768555261564
1.1651788779110384,14.152525489694803,3.6376592396315885,157.0,318.0,1126.0,1221.0,602.0,1587.0,1185.0,31.474205550882214,24.502660608599058
1.9759748276747031,31.11970745381351,3.244232277503195,40.0,116.0,1315.0,1277.0,588.0,2126.0,1315.0,56.080751180952056,33.114433548934265
1.3763566513035823,15.844815197501468,2.7053036606245464,104.0,326.0,1290.0,1145.0,588.0,1757.0,1389.0,35.35407733088596,31.907790715470732
1.239580557657413,28.042078560108422,4.311054844477214,127.0,199.0,1361.0,1325.0,673.0,1930.0,1344.0,37.51630727619703,28.715174374466912
0.47107855451770897,10.509572244555867,2.353015214052169,80.0,253.0,1160.0,971.0,834.0,1122.0,1090.0,61.6289502435108,3.3836576235180846
1.2454532493406736,12.28723592551366,2.0788223675381996,115.0,235.0,1286.0,1053.0,577.0,1652.0,1010.0,65.93058391893057,18.332618477954533
1.1702941715891344,8.623373863910775,1.1919185870092546,101.0,276.0,1046.0,849.0,737.0,998.0,791.0,57.807085138754054,16.164242073239727
1.0921404462531987,9.744527883735895,1.3972997442357717,103.0,276.0,1187.0,987.0,684.0,1329.0,1146.0,59.94403914652926,18.18527446338731
0.9900921571317218,11.682001385800769,2.1062933348069377,150.0,126.0,1064.0,1040.0,882.0,1649.0,868.0,12.251251709513525,28.07327190185491
1.061258045710472,30.411267150763432,4.46480001841966,154.0,226.0,965.0,1238.0,878.0,1838.0,1044.0,26.779709766386997,38.49117603464253
1.082180134122791,4.152377834982818,0.7184232619101951,103.0,99.0,986.0,691.0,773.0,1031.0,715.0,42.43910401456253,18.07234937456608
1.2552611250172332,8.104876975675621,1.6545863773805434,74.0,114.0,1055.0,895.0,770.0,1663.0,994.0,47.87281361371271,23.376420357218798
1.2043945665065066,19.44474925871761,2.9076801446369704,239.0,539.0,1177.0,1301.0,596.0,1579.0,1458.0,58.858491366305394,18.053345905780276
0.642332175047825,8.349836446697067,2.12926431883799,130.0,931.0,970.0,909.0,881.0,578.0,995.0,52.39509308221645,14.578044776201532
0.7131762332504625,9.629620308701243,2.268403178303868,136.0,303.0,1125.0,991.0,746.0,1370.0,1223.0,39.94706696363824,16.87630736193723
0.9157881694617029,4.62535824004051,1.1347568523082117,89.0,186.0,933.0,732.0,897.0,1158.0,717.0,59.4031761634031,14.343211893302177
0.6805503852749961,1.9288393699190869,0.2968579140064562,75.0,77.0,961.0,565.0,1027.0,944.0,638.0,61.8480006850762,6.290371379529622
1.298071971843932,13.3076670677201,2.2134929237029652,54.0,69.0,1083.0,1033.0,869.0,1883.0,1083.0,51.74293382884411,27.49052675527379
0.41518205744358827,12.604554189935055,5.298401630153977,171.0,743.0,1287.0,950.0,569.0,1083.0,1324.0,64.60109249378831,6.567915993563901
0.23366893929357135,8.826413188040114,2.1814048553489536,190.0,476.0,1144.0,971.0,580.0,1110.0,1476.0,74.20619750307533,6.726791341604095
0.5383721740561944,10.678321112002056,2.84021636522252,160.0,438.0,957.0,955.0,684.0,972.0,904.0,46.614586890327715,9.318659216663418
0.9888482708054391,10.334323372508694,2.1752276997543,87.0,159.0,1124.0,976.0,743.0,1331.0,888.0,35.50306266620747,18.703416682588205
0.5460944054144594,28.003517200444197,5.567094409597552,183.0,700.0,1539.0,1293.0,554.0,1595.0,1365.0,51.4271596688891,-1.1956916625399403
1.001563665025264,6.542368021908285,1.483295708494038,74.0,197.0,971.0,773.0,698.0,1255.0,895.0,62.76999735787911,14.005614707356061
0.3413726968785733,7.095239502859302,2.0904853359046625,156.0,301.0,964.0,827.0,906.0,1024.0,1219.0,32.0477963296424,11.706893762344732
1.155795497585059,6.683761633796527,1.786038310317052,69.0,158.0,996.0,808.0,851.0,1337.0,659.0,45.97737821693222,18.087872024179546
1.3363701491345419,11.900439071606671,3.4538348910489343,101.0,184.0,1227.0,1012.0,651.0,1636.0,964.0,29.75891514658886,23.78693140920251
0.9283655717339496,7.154959218241716,1.5797964949496197,161.0,219.0,1010.0,884.0,895.0,1097.0,966.0,47.19116587974157,18.410532757274844
1.0103406198618823,2.4044165182417796,0.3770534914649277,82.0,102.0,864.0,604.0,966.0,698.0,550.0,39.54101952184723,18.776622240170163
0.9375397402498822,2.8864196666362765,0.4061537440624426,90.0,85.0,844.0,645.0,1033.0,2537.0,692.0,49.58927491872384,15.090665953580311
0.5030566408589194,6.788231422592489,1.9949207354465242,107.0,111.0,1138.0,828.0,670.0,1312.0,1182.0,58.09703018018996,3.974634618073546
0.9866406135082795,13.104528635073333,1.9979241462573638,128.0,128.0,1091.0,1019.0,815.0,1666.0,1363.0,49.59937701044166,21.27500732482121
0.9378778776366643,4.243881010674572,1.8137225300352182,117.0,218.0,1091.0,763.0,984.0,1271.0,683.0,54.12826409233918,8.901529940666391
1.3018937984336636,2.773838305906261,0.31370961811532505,56.0,65.0,890.0,593.0,1337.0,1155.0,463.0,35.47878265174338,27.10352645450552
1.1152549719192353,1.3692550111724575,0.3487387640644764,40.0,45.0,812.0,607.0,1448.0,1172.0,441.0,65.82315309173347,14.711378796376637
0.7434600208605731,8.731430957073341,1.8913111615079972,116.0,292.0,1152.0,871.0,683.0,1027.0,1157.0,73.29197638841194,7.381673874075782
1.2399819848566567,4.378280461078458,1.0511545010714853,59.0,75.0,1063.0,669.0,884.0,1383.0,713.0,82.07924882428907,10.053215304277503
1.0086358862707636,12.31467805257369,1.9765920360886924,70.0,132.0,1134.0,981.0,784.0,1576.0,1061.0,66.00782054636181,14.739977113570307
1.4163015725904866,21.867133995682448,4.361015697117328,177.0,1319.0,1698.0,1380.0,513.0,1974.0,2073.0,65.73547573425672,20.65317931676649
0.8175932957587191,7.251257367101458,1.6017830125513208,127.0,394.0,970.0,849.0,643.0,1153.0,958.0,67.06082262376941,7.354789842003834
1.193603498197475,38.79133385903963,5.610831136066028,162.0,552.0,1529.0,1788.0,495.0,1933.0,1411.0,60.466852105230124,22.26869395373226
1.9010812190349318,13.676063133562105,3.5911565005652495,74.0,149.0,1105.0,1212.0,874.0,1913.0,980.0,51.97978319348086,27.29938207797983
0.6935229142795722,14.506248444665262,2.513028424568573,130.0,210.0,968.0,1119.0,776.0,1607.0,1247.0,53.73953412262387,18.162226812849255
1.5595226051303677,10.5519042649847,0.8931396104715039,59.0,55.0,1077.0,882.0,775.0,1852.0,824.0,55.490819809226046,29.754069356110293
1.08658842141054,18.14834211496936,2.742457114010273,211.0,251.0,1305.0,1137.0,577.0,1579.0,1292.0,63.125149589165424,13.104665913323112
0.6866333752425993,5.589005129625166,1.308701775216274,117.0,115.0,1054.0,862.0,731.0,1405.0,1009.0,66.05505629903107,6.038686627344632
0.2732625938782536,7.85046043891221,2.2736107536620085,182.0,246.0,1220.0,812.0,901.0,1023.0,1032.0,25.011667018544237,9.377465050485727
0.9564908941372965,2.9027002732572837,0.5526357028055092,69.0,72.0,941.0,609.0,1059.0,829.0,387.0,67.14316452689073,9.350887587508263
1.0738109819141355,8.832018973748973,2.0013533342642345,64.0,62.0,1107.0,983.0,1028.0,1683.0,842.0,35.15322514575941,24.069113157818336
0.6253290013975568,2.985234162597717,1.6621185929792501,42.0,129.0,1000.0,748.0,941.0,1145.0,1050.0,60.95221470017047,10.782415167975481
0.41444505903771,2.8804154064619105,0.48283126274461613,78.0,123.0,751.0,513.0,1400.0,818.0,554.0,67.05688950260833,3.6034316145930188
0.7601946560549449,5.782682589495375,0.9281585469446918,115.0,81.0,1035.0,834.0,780.0,1501.0,1166.0,39.69134477492929,18.130410506764214
1.7799948184290681,7.246003659001913,0.7504740159542604,67.0,68.0,960.0,904.0,769.0,2058.0,762.0,18.4738582298625,41.223662921989316
0.31244870909363454,9.92482474832657,2.098599552238083,138.0,132.0,1135.0,940.0,980.0,1464.0,1263.0,23.78378220972726,25.393357401960145
1.3807515474478127,14.839783068759688,1.6608350521781081,110.0,164.0,982.0,1414.0,671.0,1851.0,1313.0,35.25245993946862,35.28200323171047
0.47213618795496526,2.824719958258366,0.7707756109246505,146.0,239.0,941.0,580.0,957.0,2301.0,594.0,40.43974770228902,3.7854467753395653
0.818031487440775,15.528934171401643,2.25433637482372,122.0,251.0,1314.0,1193.0,635.0,1545.0,1437.0,40.43271287921186,20.93245358079065
0.6708118247129284,2.5605060209392376,0.10719507441079759,95.0,109.0,749.0,608.0,988.0,698.0,513.0,54.8255683491404,6.451379560272645
0.749922674265892,10.273472814809452,2.765840515159155,202.0,269.0,1241.0,1067.0,581.0,1219.0,1234.0,66.77604769923481,3.1126790426794173
1.379419122336184,9.906563516802626,1.4876373927855704,61.0,77.0,1013.0,947.0,711.0,2012.0,960.0,62.108989047994896,26.49445011549384
0.9442494048888694,9.774212812607558,3.024464238391399,131.0,218.0,1230.0,850.0,717.0,1513.0,1122.0,35.635274306178445,16.17139272364374
1.0129304207307486,4.481067017544584,0.7604722297075805,64.0,124.0,1104.0,693.0,867.0,989.0,811.0,51.176855657443944,15.595749436552582
1.6056808653258796,2.417179934869162,0.5094668271227752,66.0,69.0,903.0,634.0,769.0,1257.0,600.0,72.25309411346817,14.62964012686056
1.4800652830125374,13.986417159657812,3.5125887966045473,95.0,203.0,1322.0,1391.0,428.0,1811.0,1392.0,51.59700030765985,33.80145544345496
1.4882716421069275,2.6757163043878163,0.7062392989197834,58.0,68.0,787.0,644.0,1650.0,1414.0,563.0,42.288967265738215,33.00785404660266
1.1782364760411272,2.8324882234107243,0.6294775489991338,98.0,79.0,943.0,577.0,968.0,980.0,611.0,68.52989269155684,12.688342525763721
0.6195023038763758,13.799903273224142,2.6781044525553144,151.0,183.0,1123.0,945.0,959.0,1416.0,968.0,49.80348249531072,13.491141864481124
0.9048638082207829,4.373590148263985,0.9407655798938365,120.0,113.0,953.0,735.0,990.0,1031.0,597.0,47.553683064475564,16.028616704013395
1.004643722015406,3.4982194174686394,0.9872534353605109,65.0,32.0,927.0,708.0,1108.0,1503.0,635.0,33.52850281604421,22.609869930200006
0.8095740462935512,32.45043630896013,5.5487494285944745,171.0,197.0,1377.0,1622.0,492.0,1871.0,1715.0,30.43489917002351,21.87371175696976
0.6735572116196318,2.4258770334917745,0.38096099765397484,89.0,19.0,835.0,638.0,1154.0,666.0,529.0,15.16359741162475,16.705096109716123
0.8196780528437582,22.468557509283695,4.757461899784839,166.0,652.0,1262.0,1316.0,537.0,1736.0,1289.0,19.288312014895936,18.03532754925463
2.01348452605293,17.726843327897004,1.9372376712578954,37.0,142.0,1297.0,1208.0,445.0,1867.0,1321.0,72.20325831550515,30.13256602862812
0.46305565582278296,10.463901500440343,2.653237655553259,190.0,299.0,1248.0,1057.0,908.0,1230.0,1114.0,44.58063917655028,11.646565968577166
1.13102398384652,5.379458176311722,1.2881574902513326,116.0,324.0,1106.0,663.0,595.0,1242.0,1055.0,47.12382553458301,16.465236179541684
1.7179700437411005,17.062169768885365,2.740426517479769,147.0,302.0,1232.0,1038.0,618.0,1649.0,1045.0,54.789497319439455,20.904353659421353
0.8073332564768998,1.8433769914034772,0.5856240453519691,37.0,45.0,858.0,600.0,1116.0,979.0,414.0,34.89045535500021,11.466140290800704
0.8037267432577255,4.394612100922612,1.0467815552253756,120.0,272.0,1049.0,714.0,971.0,962.0,795.0,55.252953097747294,14.271180668162048
0.7891378230420256,2.614915432482411,0.5124984193171119,138.0,136.0,858.0,584.0,941.0,870.0,584.0,42.35745832463312,9.508134116577763
1.4104252598678133,6.584702671072555,1.0356870652344832,28.0,40.0,874.0,920.0,868.0,1677.0,681.0,50.13557674997101,29.18849300558015
0.9473588185925677,7.1247930054734265,1.1792079023658166,104.0,158.0,932.0,766.0,902.0,1137.0,912.0,37.717482636783075,19.64410105312613
1.8604714557186324,32.980399882415036,4.009959406847578,125.0,353.0,1833.0,1501.0,517.0,2137.0,1846.0,70.41108097168043,29.962006078205555
0.5395222886968913,13.136549138221225,2.312010991009291,165.0,221.0,1058.0,1008.0,1003.0,1269.0,939.0,26.007536476734842,18.452447618717116
1.4141679634976143,13.404305360283788,1.8784722650484167,86.0,86.0,962.0,1094.0,983.0,1668.0,701.0,21.895789753784587,34.90111135100591
0.9495060163314564,3.607293901731751,0.9935682462642673,99.0,105.0,996.0,825.0,1075.0,1225.0,706.0,53.06490549609455,19.129519943201153
0.6098347240392794,6.263573757102996,2.4172796492231616,124.0,168.0,1031.0,825.0,863.0,1438.0,1018.0,45.49090154868934,9.495228771327112
1.0385506158881606,6.873243635330327,2.026308872523104,142.0,237.0,1149.0,843.0,766.0,1440.0,892.0,56.33406798500646,9.934782883215453
0.7626408112573841,7.936562079679411,1.6969349726199203,130.0,183.0,1109.0,866.0,736.0,1255.0,958.0,58.602195800723386,8.805257852248326
1.34776350115768,39.055073757552975,7.148494778823778,225.0,890.0,1653.0,1807.0,424.0,1820.0,2054.0,70.68644849345912,11.26358638997313
0.699968919178239,11.397362661358665,2.720501514513093,96.0,255.0,1024.0,1010.0,661.0,1462.0,1203.0,37.57115880712328,15.970061183455867
0.3385172621995627,22.650854009228947,3.857700498506195,114.0,260.0,1356.0,1406.0,450.0,1915.0,1688.0,65.70255234841954,27.12919979758633
0.2779025046610091,6.6923725176554845,1.786316288913984,180.0,507.0,1020.0,733.0,637.0,969.0,1027.0,29.70285679275288,3.3456650143534397
0.37272749568846786,17.75232908222189,3.963703105294107,215.0,422.0,1517.0,1115.0,403.0,1292.0,1697.0,12.56086783414112,9.521864753567089
0.7627463507963796,10.799681165538262,2.1833029571749214,121.0,145.0,999.0,966.0,975.0,1345.0,1009.0,44.409212912745275,21.27066853990079
1.4594014985003543,20.595042001501486,4.356031499541479,201.0,343.0,1496.0,1418.0,530.0,1967.0,1920.0,62.15087535930839,24.86622912786204
0.8169803554848547,15.11754754877735,3.8643911618035856,156.0,365.0,1296.0,1100.0,754.0,1538.0,1126.0,43.18509997816946,12.784650324696754
1.4285857823627468,16.72499216662398,2.908248466247721,123.0,470.0,1358.0,1191.0,490.0,1914.0,1302.0,73.87030141250482,22.117377907993237
0.7194160100205198,2.4385663199075607,1.1841377683982213,84.0,60.0,979.0,573.0,1324.0,1487.0,717.0,33.322899374881445,16.583545834474336
0.39432145145236697,2.121357593893868,0.3921251591092399,107.0,187.0,862.0,645.0,1156.0,868.0,437.0,76.26195269579797,4.289686689244919
0.7351245383140539,8.058348998483803,2.492501642746409,118.0,219.0,1117.0,999.0,751.0,1340.0,939.0,61.320637727492176,9.092152785046496
0.8275269906356255,6.0128193666723915,1.4456234428167096,69.0,103.0,855.0,829.0,1151.0,1466.0,837.0,65.35434914802757,17.35688544403783
0.28509795882382205,4.51111504538848,1.5191945408470497,138.0,206.0,922.0,730.0,1028.0,1903.0,695.0,23.800012810923505,8.7440757953313
1.1163007653859827,13.98114496135023,2.27450107914416,160.0,195.0,1294.0,1184.0,784.0,1695.0,1150.0,40.25552361494977,25.89312143776325
1.0307632876147934,3.2815286385113693,0.9221774650569715,41.0,46.0,966.0,755.0,1148.0,1263.0,635.0,77.61686225337186,10.329919339790584
1.259973463433562,23.975951588578457,3.9205054643204797,110.0,390.0,1464.0,1346.0,504.0,1919.0,1328.0,79.83806999197822,11.072631868025491
0.465064687955016,11.127941992481757,3.5785138794134452,176.0,365.0,1249.0,1032.0,827.0,1435.0,1389.0,63.16257928073151,9.33440862060487
1.4114383130453942,28.437414861432128,2.3507050963026592,67.0,147.0,1114.0,1179.0,624.0,2002.0,1402.0,21.721877256514638,34.12372839816015
0.566658963113132,2.7455619526613395,0.30376243340014514,88.0,54.0,825.0,413.0,1130.0,978.0,515.0,48.919461785049954,12.75769788329246
1.0001316487304595,5.121726608095753,1.8423077674949397,87.0,331.0,1210.0,838.0,1028.0,1242.0,991.0,53.78725136127683,16.37029235349017
0.9204694140155696,15.946169237687066,4.1297916607637815,122.0,488.0,1456.0,1153.0,476.0,1554.0,2298.0,81.04649437552908,0.8434836498033444
0.5620244194828963,11.591954666247911,4.892681591162174,178.0,452.0,1279.0,1071.0,592.0,1268.0,1036.0,59.899672846720875,7.36563692082707
1.2004344938697689,15.302231526919577,4.786248390275707,119.0,318.0,1468.0,1072.0,654.0,1697.0,1345.0,55.6181617160262,14.714598511773632
0.7618737634974819,3.7993586713482914,0.9350635010904563,91.0,213.0,998.0,708.0,945.0,561.0,484.0,68.90817321163838,3.812389490876848
1.2935136769454536,0.5118918402780475,0.7000333061712548,58.0,74.0,823.0,655.0,1171.0,1165.0,401.0,56.601565129970886,9.957400559742846
1.4724885677967536,8.958518271728037,1.2129555137208456,35.0,44.0,941.0,864.0,967.0,1708.0,613.0,56.32686201052914,28.75506181311406
1.314030300851191,18.01748041682742,2.4731017045166017,74.0,134.0,910.0,1056.0,937.0,1834.0,687.0,49.34684372864531,29.277711587124287
0.714934190747673,5.068006706187271,1.1222350151964573,81.0,74.0,983.0,822.0,1073.0,1387.0,954.0,53.33624844941038,19.363243522954534
1.5849797963829342,11.1061002950621,1.773746493907044,56.0,42.0,996.0,1195.0,907.0,1903.0,622.0,33.8645379884329,30.07400879971435
1.6592860509016358,1.4641023696696092,0.16792975444338118,40.0,47.0,814.0,656.0,1028.0,1327.0,476.0,57.418351658185905,29.12123128685424
1.002088485870287,3.0567903392793605,1.235948120207211,98.0,134.0,958.0,762.0,899.0,1213.0,736.0,10.89772273363829,23.436955591842157
0.38822752393816007,17.956655267321747,3.5888158030571295,108.0,260.0,1241.0,1132.0,822.0,1480.0,1565.0,50.20206546579584,8.960714247988138
0.6277347911162949,5.5066385002953515,1.5402477194972484,159.0,389.0,1000.0,831.0,807.0,977.0,1067.0,37.44579485692241,15.049462556838575
0.9905602235372044,11.313781345577631,3.3395064516489263,153.0,611.0,1461.0,1027.0,600.0,1651.0,1832.0,59.24162195763046,13.926932812914528
0.9520737145555331,17.809933670107686,4.397181645593328,213.0,767.0,1285.0,1226.0,543.0,1457.0,1730.0,62.61158366246516,9.522422101106633
1.3746700124947566,15.919696492405325,3.005212323441247,159.0,285.0,1146.0,1128.0,581.0,1832.0,1005.0,34.08770284401694,27.67302984064088
0.44403814915278295,6.495539076664751,2.080976540981636,180.0,572.0,1291.0,792.0,783.0,975.0,1737.0,64.20588234288256,7.129884472275782
0.5550952466716337,5.548969881413796,1.2744042786927026,66.0,289.0,1022.0,775.0,1008.0,834.0,832.0,55.92098645914504,10.17853314091475
1.2098263220893568,11.119132266586789,2.363343012084372,135.0,153.0,1123.0,1033.0,742.0,1573.0,850.0,31.010524340811497,23.769477053681392
0.7221396318054214,32.55232669796193,5.580162223948452,215.0,901.0,1772.0,1561.0,537.0,1841.0,2000.0,37.64544607155785,15.389742633063277
0.8422899091197749,7.607980834583754,1.1514044364216236,99.0,199.0,1046.0,815.0,790.0,1247.0,843.0,47.668242077416544,16.51262159886779
0.7471469817543837,5.6772912615653235,1.2636087376022658,95.0,142.0,1082.0,768.0,866.0,1268.0,1032.0,76.91183429376045,8.903111761360373
0.7321564826387192,10.525959647057967,2.544246479061906,103.0,207.0,1313.0,985.0,809.0,1399.0,1254.0,49.98202151589369,9.462245445142523
0.5108866485635395,5.238918082847438,1.9831951744220575,146.0,335.0,1138.0,822.0,716.0,898.0,902.0,40.99432454984731,6.723998678828137
1.2557700593761976,6.230512248216847,1.0977587968892468,60.0,78.0,969.0,808.0,971.0,1767.0,797.0,47.61355081603322,29.419412141866047
0.9276346651868341,9.641471412461566,2.1897660319399055,116.0,260.0,1057.0,1068.0,752.0,1341.0,1206.0,59.831626056827716,13.907040484802897
0.7431889935391947,5.3730592089169384,1.7167381625586762,85.0,189.0,1097.0,816.0,788.0,1078.0,762.0,44.836694507744284,8.808989485949622
0.6561511645366465,1.486621408793443,0.5928433142544802,68.0,125.0,767.0,570.0,1028.0,930.0,363.0,42.281824870237415,12.135099054959214
1.3196338259568743,4.162997382962923,0.47151822215903944,72.0,124.0,877.0,665.0,861.0,1214.0,680.0,57.21379643089114,20.46785787881052
0.7231642507144893,7.127277287341657,1.4019050474716461,120.0,90.0,1246.0,838.0,709.0,1230.0,1134.0,49.068620334548996,10.892669478438185
0.36237038972271285,17.207216197435752,3.750733683124678,224.0,451.0,1551.0,1210.0,462.0,1207.0,1583.0,56.7735400419346,5.731136885816872
1.013355414914584,10.674885542950435,2.688929673132005,148.0,743.0,1176.0,1045.0,800.0,1483.0,1114.0,63.01559250437421,12.348693399442501
1.0796629011384533,12.93426904767985,2.8738422779794637,150.0,420.0,1280.0,1036.0,562.0,1423.0,1343.0,65.10121943974865,13.004363328323281
1.4987566139597182,18.46306797573306,3.6663807851099297,78.0,170.0,1327.0,1339.0,439.0,1863.0,1417.0,29.089981894574482,27.707926759133592
0.9688104730749674,0.87462350084249,0.1646401329838039,25.0,52.0,871.0,560.0,1381.0,937.0,538.0,48.96428635052072,20.28784181139808
1.2815448252429633,13.040610167904793,2.1959329714399862,105.0,99.0,1072.0,1011.0,712.0,1771.0,874.0,31.78361225297301,28.296047614857322
0.3701759934996003,1.7965529727647218,0.5056136510750925,98.0,70.0,867.0,541.0,1801.0,817.0,528.0,29.40217673795671,19.694796934209144
0.6651496550390572,9.473041991106898,3.142767569790305,147.0,322.0,1236.0,937.0,671.0,1229.0,1145.0,51.2330518448458,8.935014858632288
0.800275092482597,17.445776656655152,4.962142828927206,217.0,541.0,1255.0,1176.0,552.0,1344.0,1548.0,75.33574800880785,6.960973465501693
0.7092560609999605,4.376666727063463,1.1405566739433133,83.0,197.0,915.0,733.0,947.0,1112.0,824.0,76.4041945060768,10.741961468406698
1.6305403891327253,32.5376324286201,4.219341301961194,117.0,375.0,1830.0,1701.0,533.0,1819.0,1723.0,56.12145746593628,29.19742914687933
1.2184182408705417,11.11708149445963,1.6995563128636162,102.0,219.0,1188.0,974.0,521.0,1584.0,1154.0,50.73346988632135,21.770418150421712
0.7338416074223384,16.41060238557295,3.806904288302977,124.0,550.0,1187.0,1292.0,628.0,1618.0,1835.0,72.31884178191613,14.260167323404795
1.1625889967455103,10.597906110337268,1.8937602234321103,141.0,318.0,1038.0,958.0,724.0,1640.0,807.0,18.268594787366993,25.515009467594
0.9685287994631306,21.18136034653949,4.367113067622952,172.0,371.0,1279.0,1371.0,620.0,1758.0,1461.0,39.09637790386921,21.069496640512426
0.4650012507869843,4.154447151212216,1.5605241996848664,124.0,123.0,907.0,817.0,1041.0,1025.0,463.0,29.116718807062448,17.63759891915086
0.21817896211819976,10.046284561594668,2.2458433899843984,131.0,238.0,1023.0,977.0,776.0,1254.0,1105.0,54.78373137279953,8.586245131431161
1.2379804833243744,8.728230683625082,1.5377259164948383,104.0,303.0,1108.0,904.0,665.0,1375.0,1239.0,66.61202909847479,1.9277060881397894
1.2048163102296658,12.559562261437858,2.7271105243697424,171.0,334.0,1089.0,1079.0,682.0,1398.0,1055.0,22.289245380299285,23.406052025680104
0.4152658380567771,0.4023040881090347,0.14008623319716154,74.0,102.0,922.0,653.0,1091.0,750.0,786.0,45.85324588149292,7.453159477926883
1.6111297231840542,4.1529636444328855,0.9419527338154255,66.0,117.0,909.0,830.0,895.0,1474.0,657.0,55.38687658772585,21.68945850799021
0.9986913015720595,0.4061683053333139,0.33761189301759414,103.0,45.0,833.0,598.0,1138.0,1037.0,419.0,29.03356668405577,22.987714706487544
1.0811828627476248,17.209869140419737,2.2694809045768682,108.0,246.0,1132.0,1169.0,693.0,1595.0,1075.0,37.09345822024921,23.47897644307011
1.1560898088589908,18.005068715177256,3.569840094668989,111.0,453.0,1338.0,1118.0,617.0,1428.0,1516.0,83.57618136588266,9.961989992453853
1.4981480618901764,19.17616630344059,4.666637721114038,125.0,272.0,1629.0,1287.0,543.0,1861.0,1710.0,31.792941904440944,28.832106252343465
1.0726272122784473,27.802376119474854,4.334489745267943,178.0,508.0,1229.0,1210.0,604.0,1520.0,1282.0,50.35526160944133,22.238702610265797
0.6279078043271329,9.816767902940708,2.389143545283842,159.0,72.0,1013.0,988.0,1081.0,1532.0,851.0,16.42601350097243,25.05536855079893
0.9303448838955701,6.771956820117807,1.3302058328883635,79.0,218.0,961.0,882.0,1019.0,1191.0,772.0,65.58394051072068,15.541487724530016
